time,host,used_percent
2021-05-09T20:00:00.000000000,Orient.local,47.28503227233887
2021-05-09T20:00:00.000000000,tortuga,2.2072159641539013
2021-05-09T20:00:10.000000000,Orient.local,47.21250534057617
2021-05-09T20:00:10.000000000,tortuga,2.2161777315673374
2021-05-09T20:00:20.000000000,Orient.local,47.40060567855835
2021-05-09T20:00:20.000000000,tortuga,2.21236731184111
2021-05-09T20:00:30.000000000,Orient.local,47.33072519302368
2021-05-09T20:00:30.000000000,tortuga,2.2114511121935614
2021-05-09T20:00:40.000000000,Orient.local,47.36127853393555
2021-05-09T20:00:40.000000000,tortuga,2.210170859705928
2021-05-09T20:00:50.000000000,Orient.local,47.33703136444092
2021-05-09T20:00:50.000000000,tortuga,2.2085629596622174
2021-05-09T20:01:00.000000000,Orient.local,47.43058681488037
2021-05-09T20:01:00.000000000,tortuga,2.208484081546865
2021-05-09T20:01:10.000000000,Orient.local,47.48427867889404
2021-05-09T20:01:10.000000000,tortuga,2.2117484220129646
2021-05-09T20:01:20.000000000,Orient.local,47.7681040763855
2021-05-09T20:01:20.000000000,tortuga,2.2127981077018775
2021-05-09T20:01:30.000000000,Orient.local,48.110365867614746
2021-05-09T20:01:30.000000000,tortuga,2.2233192347803463
2021-05-09T20:01:40.000000000,Orient.local,48.198890686035156
2021-05-09T20:01:40.000000000,tortuga,2.2224212377748023
2021-05-09T20:01:50.000000000,Orient.local,48.201823234558105
2021-05-09T20:01:50.000000000,tortuga,2.2251091612440996
2021-05-09T20:02:00.000000000,Orient.local,48.20578098297119
2021-05-09T20:02:00.000000000,tortuga,2.2125493382611525
2021-05-09T20:02:10.000000000,Orient.local,47.709858417510986
2021-05-09T20:02:10.000000000,tortuga,2.2104074940519833
2021-05-09T20:02:20.000000000,Orient.local,47.62144088745117
2021-05-09T20:02:20.000000000,tortuga,2.205881103740255
2021-05-09T20:02:30.000000000,Orient.local,47.61534929275513
2021-05-09T20:02:30.000000000,tortuga,2.2164204334607276
2021-05-09T20:02:40.000000000,Orient.local,47.64453172683716
2021-05-09T20:02:40.000000000,tortuga,2.2134473352666966
2021-05-09T20:02:50.000000000,tortuga,2.2119486510750117
2021-05-09T20:02:50.000000000,Orient.local,47.68029451370239
2021-05-09T20:03:00.000000000,tortuga,2.209594442709126
2021-05-09T20:03:00.000000000,Orient.local,47.731173038482666
2021-05-09T20:03:10.000000000,tortuga,2.210013103475224
2021-05-09T20:03:10.000000000,Orient.local,47.80113697052002
2021-05-09T20:03:20.000000000,tortuga,2.2086782430615775
2021-05-09T20:03:20.000000000,Orient.local,48.03762435913086
2021-05-09T20:03:30.000000000,tortuga,2.204722202199316
2021-05-09T20:03:30.000000000,Orient.local,48.426055908203125
2021-05-09T20:03:40.000000000,tortuga,2.2037635297204243
2021-05-09T20:03:40.000000000,Orient.local,48.53018522262573
2021-05-09T20:03:50.000000000,tortuga,2.203357004048996
2021-05-09T20:03:50.000000000,Orient.local,48.53166341781616
2021-05-09T20:04:00.000000000,tortuga,2.2045159055899344
2021-05-09T20:04:00.000000000,Orient.local,48.451876640319824
2021-05-09T20:04:10.000000000,tortuga,2.205328956932792
2021-05-09T20:04:10.000000000,Orient.local,48.45271110534668
2021-05-09T20:04:20.000000000,tortuga,2.200972457946436
2021-05-09T20:04:20.000000000,Orient.local,48.48828315734863
2021-05-09T20:04:30.000000000,tortuga,2.2112751533208534
2021-05-09T20:04:30.000000000,Orient.local,48.4360933303833
2021-05-09T20:04:40.000000000,tortuga,2.2105106423566743
2021-05-09T20:04:40.000000000,Orient.local,48.495662212371826
2021-05-09T20:04:50.000000000,tortuga,2.2147215202069956
2021-05-09T20:04:50.000000000,Orient.local,48.474061489105225
2021-05-09T20:05:00.000000000,tortuga,2.256357030018098
2021-05-09T20:05:00.000000000,Orient.local,48.507118225097656
2021-05-09T20:05:10.000000000,tortuga,2.2267777367611576
2021-05-09T20:05:10.000000000,Orient.local,48.52348566055298
2021-05-09T20:05:20.000000000,tortuga,2.195608746102511
2021-05-09T20:05:20.000000000,Orient.local,48.776888847351074
2021-05-09T20:05:30.000000000,tortuga,2.2027199115788463
2021-05-09T20:05:30.000000000,Orient.local,48.803091049194336
2021-05-09T20:05:40.000000000,tortuga,2.204697932009977
2021-05-09T20:05:40.000000000,Orient.local,48.73844385147095
2021-05-09T20:05:50.000000000,tortuga,2.1867501269937657
2021-05-09T20:05:50.000000000,Orient.local,48.75843524932861
2021-05-09T20:06:00.000000000,tortuga,2.1864042767956846
2021-05-09T20:06:00.000000000,Orient.local,48.78494739532471
2021-05-09T20:06:10.000000000,tortuga,2.1910156127700997
2021-05-09T20:06:10.000000000,Orient.local,48.79535436630249
2021-05-09T20:06:20.000000000,tortuga,2.188042514576069
2021-05-09T20:06:20.000000000,Orient.local,48.81420135498047
2021-05-09T20:06:30.000000000,tortuga,2.2063483048850308
2021-05-09T20:06:30.000000000,Orient.local,48.84854555130005
2021-05-09T20:06:40.000000000,tortuga,2.204400622190574
2021-05-09T20:06:40.000000000,Orient.local,49.162137508392334
2021-05-09T20:06:50.000000000,tortuga,2.203429814617013
2021-05-09T20:06:50.000000000,Orient.local,49.104416370391846
2021-05-09T20:07:00.000000000,tortuga,2.1916466376929145
2021-05-09T20:07:00.000000000,Orient.local,49.1534948348999
2021-05-09T20:07:10.000000000,tortuga,2.1901843587852383
2021-05-09T20:07:10.000000000,Orient.local,49.20449256896973
2021-05-09T20:07:20.000000000,tortuga,2.188922308939609
2021-05-09T20:07:20.000000000,Orient.local,49.12172555923462
2021-05-09T20:07:30.000000000,tortuga,2.1937520766180754
2021-05-09T20:07:30.000000000,Orient.local,49.089670181274414
2021-05-09T20:07:40.000000000,tortuga,2.1922715950683944
2021-05-09T20:07:40.000000000,Orient.local,49.086904525756836
2021-05-09T20:07:50.000000000,tortuga,2.1902753719952597
2021-05-09T20:07:50.000000000,Orient.local,49.083685874938965
2021-05-09T20:08:00.000000000,tortuga,2.188339824395472
2021-05-09T20:08:00.000000000,Orient.local,49.19458627700806
2021-05-09T20:08:10.000000000,tortuga,2.1924354188464332
2021-05-09T20:08:10.000000000,Orient.local,49.16651248931885
2021-05-09T20:08:20.000000000,tortuga,2.1923504731837467
2021-05-09T20:08:20.000000000,Orient.local,49.14785623550415
2021-05-09T20:08:30.000000000,tortuga,2.196876863495475
2021-05-09T20:08:30.000000000,Orient.local,49.15226697921753
2021-05-09T20:08:40.000000000,tortuga,2.1909063969180744
2021-05-09T20:08:40.000000000,Orient.local,49.12745952606201
2021-05-09T20:08:50.000000000,tortuga,2.188540053457519
2021-05-09T20:08:50.000000000,Orient.local,49.1141676902771
2021-05-09T20:09:00.000000000,tortuga,2.185524482432145
2021-05-09T20:09:00.000000000,Orient.local,49.111950397491455
2021-05-09T20:09:10.000000000,tortuga,2.1852089699707373
2021-05-09T20:09:10.000000000,Orient.local,49.120116233825684
2021-05-09T20:09:20.000000000,tortuga,2.1860826967869422
2021-05-09T20:09:20.000000000,Orient.local,49.23217296600342
2021-05-09T20:09:30.000000000,tortuga,2.195335706472447
2021-05-09T20:09:30.000000000,Orient.local,49.19085502624512
2021-05-09T20:09:40.000000000,tortuga,2.193181727168608
2021-05-09T20:09:40.000000000,Orient.local,49.20172691345215
2021-05-09T20:09:50.000000000,tortuga,2.1954388547771377
2021-05-09T20:09:50.000000000,Orient.local,49.2037296295166
2021-05-09T20:10:00.000000000,tortuga,2.1966523642440894
2021-05-09T20:10:00.000000000,Orient.local,49.16931390762329
2021-05-09T20:10:10.000000000,tortuga,2.2001472715089094
2021-05-09T20:10:10.000000000,Orient.local,49.13327693939209
2021-05-09T20:10:20.000000000,tortuga,2.1944801822982463
2021-05-09T20:10:20.000000000,Orient.local,49.311065673828125
2021-05-09T20:10:30.000000000,tortuga,2.1799726766208423
2021-05-09T20:10:30.000000000,Orient.local,49.35808181762695
2021-05-09T20:10:40.000000000,tortuga,2.179299178866684
2021-05-09T20:10:40.000000000,Orient.local,49.33730363845825
2021-05-09T20:10:50.000000000,tortuga,2.1810466324990943
2021-05-09T20:10:50.000000000,Orient.local,49.30974245071411
2021-05-09T20:11:00.000000000,tortuga,2.181823278557943
2021-05-09T20:11:00.000000000,Orient.local,49.33289289474487
2021-05-09T20:11:10.000000000,tortuga,2.185190767328733
2021-05-09T20:11:10.000000000,Orient.local,49.2906928062439
2021-05-09T20:11:20.000000000,tortuga,2.189231753853681
2021-05-09T20:11:20.000000000,Orient.local,49.77908134460449
2021-05-09T20:11:30.000000000,tortuga,2.199831759047502
2021-05-09T20:11:30.000000000,Orient.local,49.94494915008545
2021-05-09T20:11:40.000000000,tortuga,2.198430155613173
2021-05-09T20:11:40.000000000,Orient.local,49.39262866973877
2021-05-09T20:11:50.000000000,tortuga,2.202556087800808
2021-05-09T20:11:50.000000000,Orient.local,49.392545223236084
2021-05-09T20:12:00.000000000,tortuga,2.2007782964317237
2021-05-09T20:12:00.000000000,Orient.local,49.36017990112305
2021-05-09T20:12:10.000000000,tortuga,2.2014699968278864
2021-05-09T20:12:10.000000000,Orient.local,49.35566186904907
2021-05-09T20:12:20.000000000,tortuga,2.2030839644189317
2021-05-09T20:12:20.000000000,Orient.local,49.6073842048645
2021-05-09T20:12:30.000000000,tortuga,2.2185198048385533
2021-05-09T20:12:30.000000000,Orient.local,49.529075622558594
2021-05-09T20:12:40.000000000,tortuga,2.2699786737846277
2021-05-09T20:12:40.000000000,Orient.local,50.345778465270996
2021-05-09T20:12:50.000000000,tortuga,2.2687287590336678
2021-05-09T20:12:50.000000000,Orient.local,50.8312463760376
2021-05-09T20:13:00.000000000,tortuga,2.268024923542836
2021-05-09T20:13:00.000000000,Orient.local,50.81547498703003
2021-05-09T20:13:10.000000000,tortuga,2.2653734053575474
2021-05-09T20:13:10.000000000,Orient.local,50.873351097106934
2021-05-09T20:13:20.000000000,tortuga,2.26193310601874
2021-05-09T20:13:20.000000000,Orient.local,50.80769062042236
2021-05-09T20:13:30.000000000,tortuga,2.262388172068847
2021-05-09T20:13:30.000000000,Orient.local,50.85514783859253
2021-05-09T20:13:40.000000000,tortuga,2.2608955554244967
2021-05-09T20:13:40.000000000,Orient.local,50.84280967712402
2021-05-09T20:13:50.000000000,tortuga,2.262406374710851
2021-05-09T20:13:50.000000000,Orient.local,50.855886936187744
2021-05-09T20:14:00.000000000,tortuga,2.2650700279908094
2021-05-09T20:14:00.000000000,Orient.local,50.92167854309082
2021-05-09T20:14:10.000000000,tortuga,2.262855373213623
2021-05-09T20:14:10.000000000,Orient.local,50.836217403411865
2021-05-09T20:14:20.000000000,tortuga,2.2579709976091435
2021-05-09T20:14:20.000000000,Orient.local,50.79561471939087
2021-05-09T20:14:30.000000000,tortuga,2.2607013939097844
2021-05-09T20:14:30.000000000,Orient.local,50.781333446502686
2021-05-09T20:14:40.000000000,tortuga,2.2625398607522156
2021-05-09T20:14:40.000000000,Orient.local,50.78158378601074
2021-05-09T20:14:50.000000000,tortuga,2.261259608264582
2021-05-09T20:14:50.000000000,Orient.local,50.7871150970459
2021-05-09T20:15:00.000000000,tortuga,2.2620847947021088
2021-05-09T20:15:00.000000000,Orient.local,50.80437660217285
2021-05-09T20:15:10.000000000,tortuga,2.2718171406270593
2021-05-09T20:15:10.000000000,Orient.local,50.805604457855225
2021-05-09T20:15:20.000000000,tortuga,2.2521522197151116
2021-05-09T20:15:20.000000000,Orient.local,50.810396671295166
2021-05-09T20:15:30.000000000,tortuga,2.2644754083520033
2021-05-09T20:15:30.000000000,Orient.local,50.83361864089966
2021-05-09T20:15:40.000000000,tortuga,2.26355314115712
2021-05-09T20:15:40.000000000,Orient.local,50.84428787231445
2021-05-09T20:15:50.000000000,tortuga,2.2635106683257766
2021-05-09T20:15:50.000000000,Orient.local,50.83109140396118
2021-05-09T20:16:00.000000000,tortuga,2.2633225743583996
2021-05-09T20:16:00.000000000,Orient.local,50.82862377166748
2021-05-09T20:16:10.000000000,tortuga,2.2625398607522156
2021-05-09T20:16:10.000000000,Orient.local,50.85947513580322
2021-05-09T20:16:20.000000000,tortuga,2.2614294995899553
2021-05-09T20:16:20.000000000,Orient.local,50.849318504333496
2021-05-09T20:16:30.000000000,tortuga,2.268959325832389
2021-05-09T20:16:30.000000000,Orient.local,50.94125270843506
2021-05-09T20:16:40.000000000,tortuga,2.2678610997647977
2021-05-09T20:16:40.000000000,Orient.local,50.97318887710571
2021-05-09T20:16:50.000000000,tortuga,2.2469583991965596
2021-05-09T20:16:50.000000000,Orient.local,50.908589363098145
2021-05-09T20:17:00.000000000,tortuga,2.244677001398691
2021-05-09T20:17:00.000000000,Orient.local,50.953733921051025
2021-05-09T20:17:10.000000000,tortuga,2.2439367606238507
2021-05-09T20:17:10.000000000,Orient.local,50.95179080963135
2021-05-09T20:17:20.000000000,tortuga,2.2452716210374972
2021-05-09T20:17:20.000000000,Orient.local,51.02498531341553
2021-05-09T20:17:30.000000000,tortuga,2.262655144151576
2021-05-09T20:17:30.000000000,Orient.local,50.978779792785645
2021-05-09T20:17:40.000000000,tortuga,2.247631896950718
2021-05-09T20:17:40.000000000,Orient.local,51.08519792556763
2021-05-09T20:17:50.000000000,tortuga,2.2491609188790767
2021-05-09T20:17:50.000000000,Orient.local,51.18744373321533
2021-05-09T20:18:00.000000000,tortuga,2.2474073976993316
2021-05-09T20:18:00.000000000,Orient.local,51.2865424156189
2021-05-09T20:18:10.000000000,tortuga,2.249015297743042
2021-05-09T20:18:10.000000000,Orient.local,51.345086097717285
2021-05-09T20:18:20.000000000,tortuga,2.248997095101038
2021-05-09T20:18:20.000000000,Orient.local,51.29952430725098
2021-05-09T20:18:30.000000000,tortuga,2.2526315559545576
2021-05-09T20:18:30.000000000,Orient.local,51.30668878555298
2021-05-09T20:18:40.000000000,tortuga,2.254967561678439
2021-05-09T20:18:40.000000000,Orient.local,51.185643672943115
2021-05-09T20:18:50.000000000,tortuga,2.2540028216522128
2021-05-09T20:18:50.000000000,Orient.local,51.20069980621338
2021-05-09T20:19:00.000000000,tortuga,2.252546610291871
2021-05-09T20:19:00.000000000,Orient.local,51.21133327484131
2021-05-09T20:19:10.000000000,tortuga,2.2272388703585992
2021-05-09T20:19:10.000000000,Orient.local,51.262474060058594
2021-05-09T20:19:20.000000000,tortuga,2.229368579473099
2021-05-09T20:19:20.000000000,Orient.local,51.24384164810181
2021-05-09T20:19:30.000000000,tortuga,2.242158969254767
2021-05-09T20:19:30.000000000,Orient.local,51.36157274246216
2021-05-09T20:19:40.000000000,tortuga,2.2413883907432526
2021-05-09T20:19:40.000000000,Orient.local,51.33063793182373
2021-05-09T20:19:50.000000000,tortuga,2.243135844375663
2021-05-09T20:19:50.000000000,Orient.local,51.28287076950073
2021-05-09T20:20:00.000000000,tortuga,2.239113060492719
2021-05-09T20:20:00.000000000,Orient.local,51.30423307418823
2021-05-09T20:20:10.000000000,tortuga,2.2374990929016736
2021-05-09T20:20:10.000000000,Orient.local,51.33146047592163
2021-05-09T20:20:20.000000000,tortuga,2.237493025354339
2021-05-09T20:20:20.000000000,Orient.local,51.284754276275635
2021-05-09T20:20:30.000000000,tortuga,2.2445374478099915
2021-05-09T20:20:30.000000000,Orient.local,51.2850284576416
2021-05-09T20:20:40.000000000,tortuga,2.2454051070788617
2021-05-09T20:20:40.000000000,Orient.local,51.30913257598877
2021-05-09T20:20:50.000000000,tortuga,2.2284645149202205
2021-05-09T20:20:50.000000000,Orient.local,51.256585121154785
2021-05-09T20:21:00.000000000,tortuga,2.2259889556076393
2021-05-09T20:21:00.000000000,Orient.local,51.25683546066284
2021-05-09T20:21:10.000000000,tortuga,2.22697189827587
2021-05-09T20:21:10.000000000,Orient.local,51.25395059585571
2021-05-09T20:21:20.000000000,tortuga,2.225995023154974
2021-05-09T20:21:20.000000000,Orient.local,51.544153690338135
2021-05-09T20:21:30.000000000,tortuga,2.2501802668313156
2021-05-09T20:21:30.000000000,Orient.local,51.683926582336426
2021-05-09T20:21:40.000000000,tortuga,2.251751761591018
2021-05-09T20:21:40.000000000,Orient.local,51.278066635131836
2021-05-09T20:21:50.000000000,tortuga,2.251017588363512
2021-05-09T20:21:50.000000000,Orient.local,51.27178430557251
2021-05-09T20:22:00.000000000,tortuga,2.2513331008249193
2021-05-09T20:22:00.000000000,Orient.local,51.284897327423096
2021-05-09T20:22:10.000000000,Orient.local,51.27929449081421
2021-05-09T20:22:10.000000000,tortuga,2.2462606312530626
2021-05-09T20:22:20.000000000,Orient.local,51.13167762756348
2021-05-09T20:22:20.000000000,tortuga,2.2368559328841893
2021-05-09T20:22:30.000000000,Orient.local,51.212918758392334
2021-05-09T20:22:30.000000000,tortuga,2.2421832394441057
2021-05-09T20:22:40.000000000,Orient.local,51.21556520462036
2021-05-09T20:22:40.000000000,tortuga,2.244373624031953
2021-05-09T20:22:50.000000000,Orient.local,51.220107078552246
2021-05-09T20:22:50.000000000,tortuga,2.246181753137711
2021-05-09T20:23:00.000000000,Orient.local,51.22750997543335
2021-05-09T20:23:00.000000000,tortuga,2.244276543274597
2021-05-09T20:23:10.000000000,Orient.local,51.19001865386963
2021-05-09T20:23:10.000000000,tortuga,2.246952331649225
2021-05-09T20:23:20.000000000,Orient.local,51.19262933731079
2021-05-09T20:23:20.000000000,tortuga,2.2448104874400556
2021-05-09T20:23:30.000000000,Orient.local,51.18905305862427
2021-05-09T20:23:30.000000000,tortuga,2.252716501617244
2021-05-09T20:23:40.000000000,Orient.local,51.24944448471069
2021-05-09T20:23:40.000000000,tortuga,2.2502106045679895
2021-05-09T20:23:50.000000000,Orient.local,51.226723194122314
2021-05-09T20:23:50.000000000,tortuga,2.2469401965545552
2021-05-09T20:24:00.000000000,Orient.local,51.22640132904053
2021-05-09T20:24:00.000000000,tortuga,2.2492033917104197
2021-05-09T20:24:10.000000000,Orient.local,51.23087167739868
2021-05-09T20:24:10.000000000,tortuga,2.2388521559573245
2021-05-09T20:24:20.000000000,Orient.local,51.205646991729736
2021-05-09T20:24:20.000000000,tortuga,2.2399261118355764
2021-05-09T20:24:30.000000000,Orient.local,51.187682151794434
2021-05-09T20:24:30.000000000,tortuga,2.24944609360381
2021-05-09T20:24:40.000000000,Orient.local,51.14738941192627
2021-05-09T20:24:40.000000000,tortuga,2.246594346356474
2021-05-09T20:24:50.000000000,Orient.local,51.15143060684204
2021-05-09T20:24:50.000000000,tortuga,2.2456781467089257
2021-05-09T20:25:00.000000000,Orient.local,51.155102252960205
2021-05-09T20:25:00.000000000,tortuga,2.2471404256166023
2021-05-09T20:25:10.000000000,Orient.local,51.16366147994995
2021-05-09T20:25:10.000000000,tortuga,2.254967561678439
2021-05-09T20:25:20.000000000,Orient.local,51.16308927536011
2021-05-09T20:25:20.000000000,tortuga,2.24595118633899
2021-05-09T20:25:30.000000000,Orient.local,51.15013122558594
2021-05-09T20:25:30.000000000,tortuga,2.253207972951359
2021-05-09T20:25:40.000000000,Orient.local,51.246583461761475
2021-05-09T20:25:40.000000000,tortuga,2.254421482418311
2021-05-09T20:25:50.000000000,Orient.local,51.54649019241333
2021-05-09T20:25:50.000000000,tortuga,2.2459147810549815
2021-05-09T20:26:00.000000000,Orient.local,51.64564847946167
2021-05-09T20:26:00.000000000,tortuga,2.2548462107317437
2021-05-09T20:26:10.000000000,Orient.local,51.667189598083496
2021-05-09T20:26:10.000000000,tortuga,2.24195874019272
2021-05-09T20:26:20.000000000,Orient.local,51.68962478637695
2021-05-09T20:26:20.000000000,tortuga,2.2393800325754483
2021-05-09T20:26:30.000000000,Orient.local,51.69568061828613
2021-05-09T20:26:30.000000000,tortuga,2.251017588363512
2021-05-09T20:26:40.000000000,Orient.local,51.70034170150757
2021-05-09T20:26:40.000000000,tortuga,2.248602704524279
2021-05-09T20:26:50.000000000,Orient.local,51.665401458740234
2021-05-09T20:26:50.000000000,tortuga,2.2484631509355792
2021-05-09T20:27:00.000000000,Orient.local,51.692748069763184
2021-05-09T20:27:00.000000000,tortuga,2.2491427162370723
2021-05-09T20:27:10.000000000,Orient.local,51.70245170593262
2021-05-09T20:27:10.000000000,tortuga,2.245502187836218
2021-05-09T20:27:20.000000000,Orient.local,51.660001277923584
2021-05-09T20:27:20.000000000,tortuga,2.242729318704234
2021-05-09T20:27:30.000000000,Orient.local,51.678407192230225
2021-05-09T20:27:30.000000000,tortuga,2.247492343362018
2021-05-09T20:27:40.000000000,Orient.local,51.663970947265625
2021-05-09T20:27:40.000000000,tortuga,2.247801788276091
2021-05-09T20:27:50.000000000,Orient.local,51.667869091033936
2021-05-09T20:27:50.000000000,tortuga,2.245320161416175
2021-05-09T20:28:00.000000000,Orient.local,51.701462268829346
2021-05-09T20:28:00.000000000,tortuga,2.2428688722929335
2021-05-09T20:28:10.000000000,Orient.local,51.71036720275879
2021-05-09T20:28:10.000000000,tortuga,2.2430144934289675
2021-05-09T20:28:20.000000000,Orient.local,51.71126127243042
2021-05-09T20:28:20.000000000,tortuga,2.2392222763447442
2021-05-09T20:28:30.000000000,Orient.local,51.7155647277832
2021-05-09T20:28:30.000000000,tortuga,2.248529893956262
2021-05-09T20:28:40.000000000,Orient.local,51.76624059677124
2021-05-09T20:28:40.000000000,tortuga,2.247874598844108
2021-05-09T20:28:50.000000000,Orient.local,51.74574851989746
2021-05-09T20:28:50.000000000,tortuga,2.248256854326198
2021-05-09T20:29:00.000000000,Orient.local,51.731181144714355
2021-05-09T20:29:00.000000000,tortuga,2.2524373944398453
2021-05-09T20:29:10.000000000,Orient.local,51.740050315856934
2021-05-09T20:29:10.000000000,tortuga,2.2448165549873904
2021-05-09T20:29:20.000000000,Orient.local,51.73717737197876
2021-05-09T20:29:20.000000000,tortuga,2.242656508136217
2021-05-09T20:29:30.000000000,Orient.local,51.73412561416626
2021-05-09T20:29:30.000000000,tortuga,2.2509811830795035
2021-05-09T20:29:40.000000000,Orient.local,51.732563972473145
2021-05-09T20:29:40.000000000,tortuga,2.249440026056475
2021-05-09T20:29:50.000000000,Orient.local,51.73879861831665
2021-05-09T20:29:50.000000000,tortuga,2.2486087720716137
2021-05-09T20:30:00.000000000,Orient.local,51.74140930175781
2021-05-09T20:30:00.000000000,tortuga,2.2506656706180963
2021-05-09T20:30:10.000000000,tortuga,2.2539603488208693
2021-05-09T20:30:10.000000000,Orient.local,51.7412543296814
2021-05-09T20:30:20.000000000,tortuga,2.253990686557543
2021-05-09T20:30:20.000000000,Orient.local,51.7480731010437
2021-05-09T20:30:30.000000000,tortuga,2.253735849569483
2021-05-09T20:30:30.000000000,Orient.local,51.77161693572998
2021-05-09T20:30:40.000000000,tortuga,2.255319479423855
2021-05-09T20:30:40.000000000,Orient.local,51.77731513977051
2021-05-09T20:30:50.000000000,tortuga,2.254973629225774
2021-05-09T20:30:50.000000000,Orient.local,51.7691969871521
2021-05-09T20:31:00.000000000,tortuga,2.2540028216522128
2021-05-09T20:31:00.000000000,Orient.local,51.88714265823364
2021-05-09T20:31:10.000000000,tortuga,2.2526376235018923
2021-05-09T20:31:10.000000000,Orient.local,51.909852027893066
2021-05-09T20:31:20.000000000,tortuga,2.2533535940873937
2021-05-09T20:31:20.000000000,Orient.local,52.37104892730713
2021-05-09T20:31:30.000000000,tortuga,2.264554286467355
2021-05-09T20:31:30.000000000,Orient.local,52.355289459228516
2021-05-09T20:31:40.000000000,tortuga,2.262351766784838
2021-05-09T20:31:40.000000000,Orient.local,54.20064926147461
2021-05-09T20:31:50.000000000,tortuga,2.262157605270126
2021-05-09T20:31:50.000000000,Orient.local,53.92951965332031
2021-05-09T20:32:00.000000000,tortuga,2.2588265217833445
2021-05-09T20:32:00.000000000,Orient.local,53.872525691986084
2021-05-09T20:32:10.000000000,tortuga,2.2568485013522137
2021-05-09T20:32:10.000000000,Orient.local,53.148698806762695
2021-05-09T20:32:20.000000000,tortuga,2.253286851066711
2021-05-09T20:32:20.000000000,Orient.local,53.098297119140625
2021-05-09T20:32:30.000000000,tortuga,2.2611503924125564
2021-05-09T20:32:30.000000000,Orient.local,52.9659628868103
2021-05-09T20:32:40.000000000,tortuga,2.264384395141982
2021-05-09T20:32:40.000000000,Orient.local,52.97257900238037
2021-05-09T20:32:50.000000000,tortuga,2.2654704861149035
2021-05-09T20:32:50.000000000,Orient.local,53.02376747131348
2021-05-09T20:33:00.000000000,tortuga,2.26456035401469
2021-05-09T20:33:00.000000000,Orient.local,53.02833318710327
2021-05-09T20:33:10.000000000,tortuga,2.264633164582707
2021-05-09T20:33:10.000000000,Orient.local,53.071796894073486
2021-05-09T20:33:20.000000000,tortuga,2.2660651057537096
2021-05-09T20:33:20.000000000,Orient.local,53.11076641082764
2021-05-09T20:33:30.000000000,tortuga,2.255865558683983
2021-05-09T20:33:30.000000000,Orient.local,53.054046630859375
2021-05-09T20:33:40.000000000,tortuga,2.2556228567905925
2021-05-09T20:33:40.000000000,Orient.local,53.122127056121826
2021-05-09T20:33:50.000000000,tortuga,2.2525648129338753
2021-05-09T20:33:50.000000000,Orient.local,53.06434631347656
2021-05-09T20:34:00.000000000,tortuga,2.252540542744536
2021-05-09T20:34:00.000000000,Orient.local,52.96015739440918
2021-05-09T20:34:10.000000000,tortuga,2.253596295980784
2021-05-09T20:34:10.000000000,Orient.local,52.95307636260986
2021-05-09T20:34:20.000000000,tortuga,2.2524252593451757
2021-05-09T20:34:20.000000000,Orient.local,52.98489332199097
2021-05-09T20:34:30.000000000,tortuga,2.2590510210347303
2021-05-09T20:34:30.000000000,Orient.local,53.038036823272705
2021-05-09T20:34:40.000000000,tortuga,2.2587294410259884
2021-05-09T20:34:40.000000000,Orient.local,53.03274393081665
2021-05-09T20:34:50.000000000,tortuga,2.26018565238633
2021-05-09T20:34:50.000000000,Orient.local,53.05052995681763
2021-05-09T20:35:00.000000000,tortuga,2.26092589316117
2021-05-09T20:35:00.000000000,Orient.local,53.057825565338135
2021-05-09T20:35:10.000000000,tortuga,2.263953599281214
2021-05-09T20:35:10.000000000,Orient.local,53.003132343292236
2021-05-09T20:35:20.000000000,tortuga,2.2476076267613787
2021-05-09T20:35:20.000000000,Orient.local,52.997469902038574
2021-05-09T20:35:30.000000000,tortuga,2.255598586601254
2021-05-09T20:35:30.000000000,Orient.local,52.99937725067139
2021-05-09T20:35:40.000000000,tortuga,2.2579709976091435
2021-05-09T20:35:40.000000000,Orient.local,52.99593210220337
2021-05-09T20:35:50.000000000,tortuga,2.2572004190976296
2021-05-09T20:35:50.000000000,Orient.local,53.009605407714844
2021-05-09T20:36:00.000000000,tortuga,2.2575159315590367
2021-05-09T20:36:00.000000000,Orient.local,52.99484729766846
2021-05-09T20:36:10.000000000,tortuga,2.25680602852087
2021-05-09T20:36:10.000000000,Orient.local,53.00936698913574
2021-05-09T20:36:20.000000000,tortuga,2.2559626394413392
2021-05-09T20:36:20.000000000,Orient.local,53.02635431289673
2021-05-09T20:36:30.000000000,tortuga,2.2637108973878237
2021-05-09T20:36:30.000000000,Orient.local,53.043413162231445
2021-05-09T20:36:40.000000000,tortuga,2.260100706723643
2021-05-09T20:36:40.000000000,Orient.local,53.106558322906494
2021-05-09T20:36:50.000000000,tortuga,2.259882275019592
2021-05-09T20:36:50.000000000,Orient.local,53.108251094818115
2021-05-09T20:37:00.000000000,tortuga,2.256660407384836
2021-05-09T20:37:00.000000000,Orient.local,53.12246084213257
2021-05-09T20:37:10.000000000,tortuga,2.2549918318677777
2021-05-09T20:37:10.000000000,Orient.local,53.1147837638855
2021-05-09T20:37:20.000000000,tortuga,2.2531048246466687
2021-05-09T20:37:20.000000000,Orient.local,53.06227207183838
2021-05-09T20:37:30.000000000,tortuga,2.2478624637494384
2021-05-09T20:37:30.000000000,Orient.local,53.072547912597656
2021-05-09T20:37:40.000000000,tortuga,2.2425412247368564
2021-05-09T20:37:40.000000000,Orient.local,53.07949781417847
2021-05-09T20:37:50.000000000,tortuga,2.238281806507857
2021-05-09T20:37:50.000000000,Orient.local,53.080570697784424
2021-05-09T20:38:00.000000000,tortuga,2.2375476332803514
2021-05-09T20:38:00.000000000,Orient.local,52.590036392211914
2021-05-09T20:38:10.000000000,tortuga,2.239507451069478
2021-05-09T20:38:10.000000000,Orient.local,52.59445905685425
2021-05-09T20:38:20.000000000,tortuga,2.239634869563508
2021-05-09T20:38:20.000000000,Orient.local,52.5976300239563
2021-05-09T20:38:30.000000000,tortuga,2.244968243670759
2021-05-09T20:38:30.000000000,Orient.local,52.60070562362671
2021-05-09T20:38:40.000000000,tortuga,2.2470918852379245
2021-05-09T20:38:40.000000000,Orient.local,52.60108709335327
2021-05-09T20:38:50.000000000,tortuga,2.2468613184392034
2021-05-09T20:38:50.000000000,Orient.local,52.604568004608154
2021-05-09T20:39:00.000000000,tortuga,2.244252273085258
2021-05-09T20:39:00.000000000,Orient.local,52.602970600128174
2021-05-09T20:39:10.000000000,tortuga,2.2434270866477313
2021-05-09T20:39:10.000000000,Orient.local,52.60441303253174
2021-05-09T20:39:20.000000000,tortuga,2.242881007387603
2021-05-09T20:39:20.000000000,Orient.local,52.595365047454834
2021-05-09T20:39:30.000000000,tortuga,2.240781636009777
2021-05-09T20:39:30.000000000,Orient.local,52.59596109390259
2021-05-09T20:39:40.000000000,tortuga,2.2404418533590307
2021-05-09T20:39:40.000000000,Orient.local,52.61640548706055
2021-05-09T20:39:50.000000000,tortuga,2.2384516978332303
2021-05-09T20:39:50.000000000,Orient.local,52.61640548706055
2021-05-09T20:40:00.000000000,tortuga,2.23783887555242
2021-05-09T20:40:00.000000000,Orient.local,52.63289213180542
2021-05-09T20:40:10.000000000,tortuga,2.2473770599626577
2021-05-09T20:40:10.000000000,Orient.local,52.61387825012207
2021-05-09T20:40:20.000000000,tortuga,2.238809683125981
2021-05-09T20:40:20.000000000,Orient.local,52.61000394821167
2021-05-09T20:40:30.000000000,tortuga,2.2432875330590316
2021-05-09T20:40:30.000000000,Orient.local,52.62327194213867
2021-05-09T20:40:40.000000000,tortuga,2.2455325255728917
2021-05-09T20:40:40.000000000,Orient.local,52.61751413345337
2021-05-09T20:40:50.000000000,tortuga,2.2450531893334458
2021-05-09T20:40:50.000000000,Orient.local,52.62106657028198
2021-05-09T20:41:00.000000000,tortuga,2.2433603436270486
2021-05-09T20:41:00.000000000,Orient.local,52.625834941864014
2021-05-09T20:41:10.000000000,tortuga,2.2467399674925086
2021-05-09T20:41:10.000000000,Orient.local,52.626001834869385
2021-05-09T20:41:20.000000000,tortuga,2.244003503644533
2021-05-09T20:41:20.000000000,Orient.local,53.03084850311279
2021-05-09T20:41:30.000000000,tortuga,2.250471509103384
2021-05-09T20:41:30.000000000,Orient.local,53.32989692687988
2021-05-09T20:41:40.000000000,tortuga,2.2502045370206547
2021-05-09T20:41:40.000000000,Orient.local,53.12380790710449
2021-05-09T20:41:50.000000000,tortuga,2.2270507763912217
2021-05-09T20:41:50.000000000,Orient.local,52.65328884124756
2021-05-09T20:42:00.000000000,tortuga,2.2283613666155295
2021-05-09T20:42:00.000000000,Orient.local,52.68124341964722
2021-05-09T20:42:10.000000000,tortuga,2.2294777953251246
2021-05-09T20:42:10.000000000,Orient.local,52.6659369468689
2021-05-09T20:42:20.000000000,tortuga,2.22485432425604
2021-05-09T20:42:20.000000000,Orient.local,52.62953042984009
2021-05-09T20:42:30.000000000,tortuga,2.2429780881449592
2021-05-09T20:42:30.000000000,Orient.local,52.61578559875488
2021-05-09T20:42:40.000000000,tortuga,2.243973165907859
2021-05-09T20:42:40.000000000,Orient.local,52.60998010635376
2021-05-09T20:42:50.000000000,tortuga,2.2586991032893144
2021-05-09T20:42:50.000000000,Orient.local,52.62603759765625
2021-05-09T20:43:00.000000000,tortuga,2.260853082593153
2021-05-09T20:43:00.000000000,Orient.local,52.65313386917114
2021-05-09T20:43:10.000000000,Orient.local,52.66396999359131
2021-05-09T20:43:10.000000000,tortuga,2.259985423324283
2021-05-09T20:43:20.000000000,Orient.local,52.70068645477295
2021-05-09T20:43:20.000000000,tortuga,2.263729100029828
2021-05-09T20:43:30.000000000,tortuga,2.2534567423920846
2021-05-09T20:43:30.000000000,Orient.local,52.70423889160156
2021-05-09T20:43:40.000000000,Orient.local,52.705931663513184
2021-05-09T20:43:40.000000000,tortuga,2.252922798226626
2021-05-09T20:43:50.000000000,Orient.local,52.71271467208862
2021-05-09T20:43:50.000000000,tortuga,2.2537115793801443
2021-05-09T20:44:00.000000000,Orient.local,52.77590751647949
2021-05-09T20:44:00.000000000,tortuga,2.2522250302831286
2021-05-09T20:44:10.000000000,Orient.local,52.818191051483154
2021-05-09T20:44:10.000000000,tortuga,2.2528560552059433
2021-05-09T20:44:20.000000000,Orient.local,52.75576114654541
2021-05-09T20:44:20.000000000,tortuga,2.2533657291820632
2021-05-09T20:44:30.000000000,Orient.local,52.74766683578491
2021-05-09T20:44:30.000000000,tortuga,2.262582333583559
2021-05-09T20:44:40.000000000,Orient.local,52.80808210372925
2021-05-09T20:44:40.000000000,tortuga,2.262333564142834
2021-05-09T20:44:50.000000000,Orient.local,52.84585952758789
2021-05-09T20:44:50.000000000,tortuga,2.262606603772898
2021-05-09T20:45:00.000000000,Orient.local,52.8476357460022
2021-05-09T20:45:00.000000000,tortuga,2.265027555159466
2021-05-09T20:45:10.000000000,Orient.local,52.864980697631836
2021-05-09T20:45:10.000000000,tortuga,2.2762282475394273
2021-05-09T20:45:20.000000000,Orient.local,52.86080837249756
2021-05-09T20:45:20.000000000,tortuga,2.2680067209008317
2021-05-09T20:45:30.000000000,Orient.local,52.8684139251709
2021-05-09T20:45:30.000000000,tortuga,2.2566725424795058
2021-05-09T20:45:40.000000000,Orient.local,52.856266498565674
2021-05-09T20:45:40.000000000,tortuga,2.2567271504055184
2021-05-09T20:45:50.000000000,Orient.local,52.855610847473145
2021-05-09T20:45:50.000000000,tortuga,2.258881129709357
2021-05-09T20:46:00.000000000,Orient.local,52.8605580329895
2021-05-09T20:46:00.000000000,tortuga,2.2576312149583972
2021-05-09T20:46:10.000000000,Orient.local,52.88060903549194
2021-05-09T20:46:10.000000000,tortuga,2.258122686292513
2021-05-09T20:46:20.000000000,Orient.local,52.91255712509155
2021-05-09T20:46:20.000000000,tortuga,2.2540999024095685
2021-05-09T20:46:30.000000000,Orient.local,52.950358390808105
2021-05-09T20:46:30.000000000,tortuga,2.2571336760769474
2021-05-09T20:46:40.000000000,Orient.local,53.032469749450684
2021-05-09T20:46:40.000000000,tortuga,2.2554833032018933
2021-05-09T20:46:50.000000000,Orient.local,53.00157070159912
2021-05-09T20:46:50.000000000,tortuga,2.2549190212997607
2021-05-09T20:47:00.000000000,Orient.local,53.01918983459473
2021-05-09T20:47:00.000000000,tortuga,2.2416432277313123
2021-05-09T20:47:10.000000000,Orient.local,53.00034284591675
2021-05-09T20:47:10.000000000,tortuga,2.2418009839620163
2021-05-09T20:47:20.000000000,Orient.local,53.01647186279297
2021-05-09T20:47:20.000000000,tortuga,2.240575339400395
2021-05-09T20:47:30.000000000,Orient.local,53.03170680999756
2021-05-09T20:47:30.000000000,tortuga,2.2492094592577545
2021-05-09T20:47:40.000000000,Orient.local,52.42184400558472
2021-05-09T20:47:40.000000000,tortuga,2.25268616388057
2021-05-09T20:47:50.000000000,Orient.local,52.559709548950195
2021-05-09T20:47:50.000000000,tortuga,2.253541688054771
2021-05-09T20:48:00.000000000,Orient.local,53.136396408081055
2021-05-09T20:48:00.000000000,tortuga,2.2553498171605284
2021-05-09T20:48:10.000000000,Orient.local,53.179728984832764
2021-05-09T20:48:10.000000000,tortuga,2.2540877673148993
2021-05-09T20:48:20.000000000,Orient.local,53.37865352630615
2021-05-09T20:48:20.000000000,tortuga,2.252164354809781
2021-05-09T20:48:30.000000000,Orient.local,53.396034240722656
2021-05-09T20:48:30.000000000,tortuga,2.256642204742832
2021-05-09T20:48:40.000000000,Orient.local,53.407371044158936
2021-05-09T20:48:40.000000000,tortuga,2.254834075637074
2021-05-09T20:48:50.000000000,Orient.local,53.405964374542236
2021-05-09T20:48:50.000000000,tortuga,2.25856561724795
2021-05-09T20:49:00.000000000,Orient.local,53.202641010284424
2021-05-09T20:49:00.000000000,tortuga,2.257710093073749
2021-05-09T20:49:10.000000000,Orient.local,53.321731090545654
2021-05-09T20:49:10.000000000,tortuga,2.235891192857963
2021-05-09T20:49:20.000000000,Orient.local,53.89714241027832
2021-05-09T20:49:20.000000000,tortuga,2.239289019365427
2021-05-09T20:49:30.000000000,Orient.local,53.874754905700684
2021-05-09T20:49:30.000000000,tortuga,2.2721569232778056
2021-05-09T20:49:40.000000000,Orient.local,53.91353368759155
2021-05-09T20:49:40.000000000,tortuga,2.3352108751806004
2021-05-09T20:49:50.000000000,Orient.local,53.910624980926514
2021-05-09T20:49:50.000000000,tortuga,2.3351077268759095
2021-05-09T20:50:00.000000000,Orient.local,53.81181240081787
2021-05-09T20:50:00.000000000,tortuga,2.335326158579961
2021-05-09T20:50:10.000000000,Orient.local,53.8311243057251
2021-05-09T20:50:10.000000000,tortuga,2.380577926602579
2021-05-09T20:50:20.000000000,Orient.local,53.862619400024414
2021-05-09T20:50:20.000000000,tortuga,2.3732483294221924
2021-05-09T20:50:30.000000000,Orient.local,53.858137130737305
2021-05-09T20:50:30.000000000,tortuga,2.377010208769742
2021-05-09T20:50:40.000000000,Orient.local,53.8488507270813
2021-05-09T20:50:40.000000000,tortuga,2.375729956282108
2021-05-09T20:50:50.000000000,Orient.local,53.85909080505371
2021-05-09T20:50:50.000000000,tortuga,2.375177809474645
2021-05-09T20:51:00.000000000,Orient.local,53.894615173339844
2021-05-09T20:51:00.000000000,tortuga,2.376403454036266
2021-05-09T20:51:10.000000000,Orient.local,53.86093854904175
2021-05-09T20:51:10.000000000,tortuga,2.3765733453616393
2021-05-09T20:51:20.000000000,Orient.local,54.235899448394775
2021-05-09T20:51:20.000000000,tortuga,2.3664951492386077
2021-05-09T20:51:30.000000000,Orient.local,54.39596176147461
2021-05-09T20:51:30.000000000,tortuga,2.3518662926145084
2021-05-09T20:51:40.000000000,Orient.local,53.862571716308594
2021-05-09T20:51:40.000000000,tortuga,2.349032748009177
2021-05-09T20:51:50.000000000,Orient.local,53.895533084869385
2021-05-09T20:51:50.000000000,tortuga,2.347685752500861
2021-05-09T20:52:00.000000000,Orient.local,53.93892526626587
2021-05-09T20:52:00.000000000,tortuga,2.346532918507257
2021-05-09T20:52:10.000000000,Orient.local,53.89969348907471
2021-05-09T20:52:10.000000000,tortuga,2.3457502049010737
2021-05-09T20:52:20.000000000,Orient.local,53.90390157699585
2021-05-09T20:52:20.000000000,tortuga,2.3427164312336948
2021-05-09T20:52:30.000000000,Orient.local,53.93204689025879
2021-05-09T20:52:30.000000000,tortuga,2.3487233030951042
2021-05-09T20:52:40.000000000,Orient.local,53.93836498260498
2021-05-09T20:52:40.000000000,tortuga,2.3519876435612037
2021-05-09T20:52:50.000000000,Orient.local,53.991591930389404
2021-05-09T20:52:50.000000000,tortuga,2.351757076762483
2021-05-09T20:53:00.000000000,Orient.local,54.007017612457275
2021-05-09T20:53:00.000000000,tortuga,2.3504343514435058
2021-05-09T20:53:10.000000000,Orient.local,53.86500358581543
2021-05-09T20:53:10.000000000,tortuga,2.350683120884231
2021-05-09T20:53:20.000000000,Orient.local,53.84331941604614
2021-05-09T20:53:20.000000000,tortuga,2.3516478609104574
2021-05-09T20:53:30.000000000,Orient.local,53.834474086761475
2021-05-09T20:53:30.000000000,tortuga,2.3488203838524604
2021-05-09T20:53:40.000000000,Orient.local,53.84498834609985
2021-05-09T20:53:40.000000000,tortuga,2.347261024187428
2021-05-09T20:53:50.000000000,Orient.local,53.87145280838013
2021-05-09T20:53:50.000000000,tortuga,2.3464237026552315
2021-05-09T20:54:00.000000000,Orient.local,53.95098924636841
2021-05-09T20:54:00.000000000,tortuga,2.3488749917784735
2021-05-09T20:54:10.000000000,Orient.local,54.629361629486084
2021-05-09T20:54:10.000000000,tortuga,2.3459686366051247
2021-05-09T20:54:20.000000000,Orient.local,54.7346830368042
2021-05-09T20:54:20.000000000,tortuga,2.3486262223377485
2021-05-09T20:54:30.000000000,Orient.local,54.770517349243164
2021-05-09T20:54:30.000000000,tortuga,2.3525458579160015
2021-05-09T20:54:40.000000000,Orient.local,54.70290184020996
2021-05-09T20:54:40.000000000,tortuga,2.3541901632437203
2021-05-09T20:54:50.000000000,Orient.local,54.7527551651001
2021-05-09T20:54:50.000000000,tortuga,2.355270186669307
2021-05-09T20:55:00.000000000,Orient.local,54.8022985458374
2021-05-09T20:55:00.000000000,tortuga,2.354432865137111
2021-05-09T20:55:10.000000000,Orient.local,54.72397804260254
2021-05-09T20:55:10.000000000,tortuga,2.3558648063081136
2021-05-09T20:55:20.000000000,Orient.local,54.683542251586914
2021-05-09T20:55:20.000000000,tortuga,2.3530373292501165
2021-05-09T20:55:30.000000000,Orient.local,54.603028297424316
2021-05-09T20:55:30.000000000,tortuga,2.3587468912921232
2021-05-09T20:55:40.000000000,Orient.local,54.58897352218628
2021-05-09T20:55:40.000000000,tortuga,2.3548879311872177
2021-05-09T20:55:50.000000000,tortuga,2.352564060558006
2021-05-09T20:55:50.000000000,Orient.local,54.67045307159424
2021-05-09T20:56:00.000000000,tortuga,2.3541719606017164
2021-05-09T20:56:00.000000000,Orient.local,54.64891195297241
2021-05-09T20:56:10.000000000,tortuga,2.3516235907211183
2021-05-09T20:56:10.000000000,Orient.local,54.8213005065918
2021-05-09T20:56:20.000000000,tortuga,2.350937957872291
2021-05-09T20:56:20.000000000,Orient.local,54.81506586074829
2021-05-09T20:56:30.000000000,tortuga,2.353468125110884
2021-05-09T20:56:30.000000000,Orient.local,54.85485792160034
2021-05-09T20:56:40.000000000,tortuga,2.352400236779967
2021-05-09T20:56:40.000000000,Orient.local,54.87549304962158
2021-05-09T20:56:50.000000000,tortuga,2.3503979461594975
2021-05-09T20:56:50.000000000,Orient.local,54.80369329452515
2021-05-09T20:57:00.000000000,tortuga,2.3510957141029944
2021-05-09T20:57:00.000000000,Orient.local,54.7846794128418
2021-05-09T20:57:10.000000000,tortuga,2.3498215291626954
2021-05-09T20:57:10.000000000,Orient.local,54.741740226745605
2021-05-09T20:57:20.000000000,tortuga,2.3472913619241016
2021-05-09T20:57:20.000000000,Orient.local,54.68231439590454
2021-05-09T20:57:30.000000000,tortuga,2.3561439134855124
2021-05-09T20:57:30.000000000,Orient.local,54.69334125518799
2021-05-09T20:57:40.000000000,tortuga,2.358546662230076
2021-05-09T20:57:40.000000000,Orient.local,54.684579372406006
2021-05-09T20:57:50.000000000,tortuga,2.3556645772460665
2021-05-09T20:57:50.000000000,Orient.local,54.70108985900879
2021-05-09T20:58:00.000000000,tortuga,2.352733951883379
2021-05-09T20:58:00.000000000,Orient.local,54.72840070724487
2021-05-09T20:58:10.000000000,tortuga,2.3473277672081103
2021-05-09T20:58:10.000000000,Orient.local,54.71400022506714
2021-05-09T20:58:20.000000000,tortuga,2.3464965132232485
2021-05-09T20:58:20.000000000,Orient.local,54.993295669555664
2021-05-09T20:58:30.000000000,tortuga,2.3755661325040696
2021-05-09T20:58:30.000000000,Orient.local,54.92452383041382
2021-05-09T20:58:40.000000000,tortuga,2.371082215023684
2021-05-09T20:58:40.000000000,Orient.local,54.93440628051758
2021-05-09T20:58:50.000000000,tortuga,2.3716222267364775
2021-05-09T20:58:50.000000000,Orient.local,54.890406131744385
2021-05-09T20:59:00.000000000,tortuga,2.3678239421049194
2021-05-09T20:59:00.000000000,Orient.local,54.895877838134766
2021-05-09T20:59:10.000000000,tortuga,2.3655546794017206
2021-05-09T20:59:10.000000000,Orient.local,54.88770008087158
2021-05-09T20:59:20.000000000,tortuga,2.3648023035322105
2021-05-09T20:59:20.000000000,Orient.local,54.86558675765991
2021-05-09T20:59:30.000000000,tortuga,2.3758816449654767
2021-05-09T20:59:30.000000000,Orient.local,54.85318899154663
2021-05-09T20:59:40.000000000,tortuga,2.3768827902757117
2021-05-09T20:59:40.000000000,Orient.local,54.867422580718994
2021-05-09T20:59:50.000000000,tortuga,2.3777383144499127
2021-05-09T20:59:50.000000000,Orient.local,55.39344549179077
