#group,false,false,false,false,false,false
#datatype,string,long,dateTime:RFC3339,string,string,double
#default,_result,,,,,
,result,table,_time,_measurement,host,usage_user
,,0,2021-05-09T20:00:00Z,cpu,Orient.local,1.3060051241426953
,,0,2021-05-09T20:00:00Z,cpu,tortuga,0.09685986564617653
,,0,2021-05-09T20:00:10Z,cpu,Orient.local,2.185860604481495
,,0,2021-05-09T20:00:10Z,cpu,tortuga,0.11880569016749998
,,0,2021-05-09T20:00:20Z,cpu,tortuga,0.08128048017992752
,,0,2021-05-09T20:00:20Z,cpu,Orient.local,2.7508596436572934
,,0,2021-05-09T20:00:30Z,cpu,Orient.local,4.125773582635691
,,0,2021-05-09T20:00:30Z,cpu,tortuga,0.1626321386126456
,,0,2021-05-09T20:00:40Z,cpu,Orient.local,3.348953451871231
,,0,2021-05-09T20:00:40Z,cpu,tortuga,0.08124746101639976
,,0,2021-05-09T20:00:50Z,cpu,Orient.local,2.1820682755284073
,,0,2021-05-09T20:00:50Z,cpu,tortuga,0.08437763680122752
,,0,2021-05-09T20:01:00Z,cpu,Orient.local,1.7069968110963927
,,0,2021-05-09T20:01:00Z,cpu,tortuga,0.07188623222381592
,,0,2021-05-09T20:01:10Z,cpu,tortuga,0.06876504235344266
,,0,2021-05-09T20:01:10Z,cpu,Orient.local,2.695771828987005
,,0,2021-05-09T20:01:20Z,cpu,tortuga,0.043756837005447385
,,0,2021-05-09T20:01:20Z,cpu,Orient.local,4.099588169319055
,,0,2021-05-09T20:01:30Z,cpu,Orient.local,9.265558074745341
,,0,2021-05-09T20:01:30Z,cpu,tortuga,0.09691134175303207
,,0,2021-05-09T20:01:40Z,cpu,Orient.local,9.268565047561946
,,0,2021-05-09T20:01:40Z,cpu,tortuga,0.05313164145521082
,,0,2021-05-09T20:01:50Z,cpu,Orient.local,7.5413933144192855
,,0,2021-05-09T20:01:50Z,cpu,tortuga,0.06252149176308644
,,0,2021-05-09T20:02:00Z,cpu,tortuga,0.11254572169958305
,,0,2021-05-09T20:02:00Z,cpu,Orient.local,7.2464674254449095
,,0,2021-05-09T20:02:10Z,cpu,Orient.local,2.476857643282995
,,0,2021-05-09T20:02:10Z,cpu,tortuga,0.09375585974114833
,,0,2021-05-09T20:02:20Z,cpu,Orient.local,1.2554653341602782
,,0,2021-05-09T20:02:20Z,cpu,tortuga,0.12816905811381543
,,0,2021-05-09T20:02:30Z,cpu,Orient.local,1.268591426063212
,,0,2021-05-09T20:02:30Z,cpu,tortuga,0.10312499999997726
,,0,2021-05-09T20:02:40Z,cpu,Orient.local,1.5999000061598807
,,0,2021-05-09T20:02:40Z,cpu,tortuga,0.0625234462924269
,,0,2021-05-09T20:02:50Z,cpu,Orient.local,2.882330874184798
,,0,2021-05-09T20:02:50Z,cpu,tortuga,0.053133302078441566
,,0,2021-05-09T20:03:00Z,cpu,tortuga,0.07502109968440143
,,0,2021-05-09T20:03:00Z,cpu,Orient.local,2.4831123343072705
,,0,2021-05-09T20:03:10Z,cpu,Orient.local,2.715525313535945
,,0,2021-05-09T20:03:10Z,cpu,tortuga,0.07500234382312387
,,0,2021-05-09T20:03:20Z,cpu,tortuga,0.05938056692835708
,,0,2021-05-09T20:03:20Z,cpu,Orient.local,3.4135667396782403
,,0,2021-05-09T20:03:30Z,cpu,Orient.local,5.3905321741417564
,,0,2021-05-09T20:03:30Z,cpu,tortuga,0.13445903689783903
,,0,2021-05-09T20:03:40Z,cpu,tortuga,0.07811767646799482
,,0,2021-05-09T20:03:40Z,cpu,Orient.local,3.0282217783475462
,,0,2021-05-09T20:03:50Z,cpu,Orient.local,2.7973790322438683
,,0,2021-05-09T20:03:50Z,cpu,tortuga,0.07502579011536255
,,0,2021-05-09T20:04:00Z,cpu,tortuga,0.07500468779259575
,,0,2021-05-09T20:04:00Z,cpu,Orient.local,2.0185081672207374
,,0,2021-05-09T20:04:10Z,cpu,tortuga,0.09373535385106077
,,0,2021-05-09T20:04:10Z,cpu,Orient.local,2.5161980246854903
,,0,2021-05-09T20:04:20Z,cpu,Orient.local,2.1608196212640616
,,0,2021-05-09T20:04:20Z,cpu,tortuga,0.10626328291011235
,,0,2021-05-09T20:04:30Z,cpu,Orient.local,2.1620946073224157
,,0,2021-05-09T20:04:30Z,cpu,tortuga,0.10627989121971085
,,0,2021-05-09T20:04:40Z,cpu,tortuga,0.0781420935828166
,,0,2021-05-09T20:04:40Z,cpu,Orient.local,2.723297938826899
,,0,2021-05-09T20:04:50Z,cpu,tortuga,0.06875429714347088
,,0,2021-05-09T20:04:50Z,cpu,Orient.local,1.4064258031887231
,,0,2021-05-09T20:05:00Z,cpu,tortuga,0.662831415706483
,,0,2021-05-09T20:05:00Z,cpu,Orient.local,2.3497062867812466
,,0,2021-05-09T20:05:10Z,cpu,tortuga,0.06251172094782503
,,0,2021-05-09T20:05:10Z,cpu,Orient.local,3.095878416370618
,,0,2021-05-09T20:05:20Z,cpu,tortuga,0.09066466579115692
,,0,2021-05-09T20:05:20Z,cpu,Orient.local,5.023116331324187
,,0,2021-05-09T20:05:30Z,cpu,tortuga,0.15320160080040332
,,0,2021-05-09T20:05:30Z,cpu,Orient.local,3.092783505183134
,,0,2021-05-09T20:05:40Z,cpu,tortuga,0.0875164093270961
,,0,2021-05-09T20:05:40Z,cpu,Orient.local,1.957718288668189
,,0,2021-05-09T20:05:50Z,cpu,Orient.local,1.892448941465379
,,0,2021-05-09T20:05:50Z,cpu,tortuga,0.053143267998452884
,,0,2021-05-09T20:06:00Z,cpu,Orient.local,2.6628328540216133
,,0,2021-05-09T20:06:00Z,cpu,tortuga,0.06875859482395624
,,0,2021-05-09T20:06:10Z,cpu,tortuga,0.05626758362007048
,,0,2021-05-09T20:06:10Z,cpu,Orient.local,2.592825676499191
,,0,2021-05-09T20:06:20Z,cpu,tortuga,0.11565752867980084
,,0,2021-05-09T20:06:20Z,cpu,Orient.local,2.7447792922114513
,,0,2021-05-09T20:06:30Z,cpu,tortuga,0.08438291089777901
,,0,2021-05-09T20:06:30Z,cpu,Orient.local,2.881790335639238
,,0,2021-05-09T20:06:40Z,cpu,tortuga,0.08754924645125194
,,0,2021-05-09T20:06:40Z,cpu,Orient.local,5.315717652976406
,,0,2021-05-09T20:06:50Z,cpu,tortuga,0.06877579092121468
,,0,2021-05-09T20:06:50Z,cpu,Orient.local,3.2012004501408344
,,0,2021-05-09T20:07:00Z,cpu,tortuga,0.10944340212682518
,,0,2021-05-09T20:07:00Z,cpu,Orient.local,2.8090590591213203
,,0,2021-05-09T20:07:10Z,cpu,Orient.local,3.4723957031540738
,,0,2021-05-09T20:07:10Z,cpu,tortuga,0.05626582476327942
,,0,2021-05-09T20:07:20Z,cpu,tortuga,0.04688818730254332
,,0,2021-05-09T20:07:20Z,cpu,Orient.local,2.6697511567351997
,,0,2021-05-09T20:07:30Z,cpu,Orient.local,2.013632668309703
,,0,2021-05-09T20:07:30Z,cpu,tortuga,0.10315078769692551
,,0,2021-05-09T20:07:40Z,cpu,Orient.local,1.9976278169680137
,,0,2021-05-09T20:07:40Z,cpu,tortuga,0.04376230814953321
,,0,2021-05-09T20:07:50Z,cpu,Orient.local,1.8447396588809573
,,0,2021-05-09T20:07:50Z,cpu,tortuga,0.05939356048734674
,,0,2021-05-09T20:08:00Z,cpu,tortuga,0.03438682046955418
,,0,2021-05-09T20:08:00Z,cpu,Orient.local,3.021654153890238
,,0,2021-05-09T20:08:10Z,cpu,Orient.local,2.8373226673935656
,,0,2021-05-09T20:08:10Z,cpu,tortuga,0.11561054868141951
,,0,2021-05-09T20:08:20Z,cpu,Orient.local,2.9558805148634373
,,0,2021-05-09T20:08:20Z,cpu,tortuga,0.06877579092198356
,,0,2021-05-09T20:08:30Z,cpu,tortuga,0.23150320663191595
,,0,2021-05-09T20:08:30Z,cpu,Orient.local,1.7555916531388371
,,0,2021-05-09T20:08:40Z,cpu,Orient.local,1.625914576898536
,,0,2021-05-09T20:08:40Z,cpu,tortuga,0.11258443832900729
,,0,2021-05-09T20:08:50Z,cpu,Orient.local,1.6875000001164153
,,0,2021-05-09T20:08:50Z,cpu,tortuga,0.13120899718855406
,,0,2021-05-09T20:09:00Z,cpu,tortuga,0.06563525550836213
,,0,2021-05-09T20:09:00Z,cpu,Orient.local,2.681082432260705
,,0,2021-05-09T20:09:10Z,cpu,Orient.local,3.0448918345531792
,,0,2021-05-09T20:09:10Z,cpu,tortuga,0.06251758307043682
,,0,2021-05-09T20:09:20Z,cpu,Orient.local,3.0424189416316993
,,0,2021-05-09T20:09:20Z,cpu,tortuga,0.05313994560970072
,,0,2021-05-09T20:09:30Z,cpu,tortuga,0.06565372350369122
,,0,2021-05-09T20:09:30Z,cpu,Orient.local,2.6690836353964644
,,0,2021-05-09T20:09:40Z,cpu,Orient.local,1.6816704177056239
,,0,2021-05-09T20:09:40Z,cpu,tortuga,0.037509377344594995
,,0,2021-05-09T20:09:50Z,cpu,tortuga,0.05313662363649271
,,0,2021-05-09T20:09:50Z,cpu,Orient.local,2.3630907725518764
,,0,2021-05-09T20:10:00Z,cpu,Orient.local,2.3050974514106506
,,0,2021-05-09T20:10:00Z,cpu,tortuga,0.050015629884380734
,,0,2021-05-09T20:10:10Z,cpu,Orient.local,2.1539236679051625
,,0,2021-05-09T20:10:10Z,cpu,tortuga,0.12189404594407115
,,0,2021-05-09T20:10:20Z,cpu,tortuga,0.11255627813930397
,,0,2021-05-09T20:10:20Z,cpu,Orient.local,3.058122945310659
,,0,2021-05-09T20:10:30Z,cpu,Orient.local,2.844105513144081
,,0,2021-05-09T20:10:30Z,cpu,tortuga,0.17196635712745703
,,0,2021-05-09T20:10:40Z,cpu,Orient.local,1.5051325651135727
,,0,2021-05-09T20:10:40Z,cpu,tortuga,0.07813232490529615
,,0,2021-05-09T20:10:50Z,cpu,Orient.local,1.4688418025061936
,,0,2021-05-09T20:10:50Z,cpu,tortuga,0.050014066456267624
,,0,2021-05-09T20:11:00Z,cpu,tortuga,0.10628985869678455
,,0,2021-05-09T20:11:00Z,cpu,Orient.local,1.4770682058471134
,,0,2021-05-09T20:11:10Z,cpu,tortuga,0.0531416067522256
,,0,2021-05-09T20:11:10Z,cpu,Orient.local,1.468291159021216
,,0,2021-05-09T20:11:20Z,cpu,tortuga,0.08441984804439034
,,0,2021-05-09T20:11:20Z,cpu,Orient.local,5.019377421830567
,,0,2021-05-09T20:11:30Z,cpu,Orient.local,9.100568785889163
,,0,2021-05-09T20:11:30Z,cpu,tortuga,0.17817511175000578
,,0,2021-05-09T20:11:40Z,cpu,Orient.local,6.961629796068825
,,0,2021-05-09T20:11:40Z,cpu,tortuga,0.08126015751976765
,,0,2021-05-09T20:11:50Z,cpu,tortuga,0.10940919037229609
,,0,2021-05-09T20:11:50Z,cpu,Orient.local,2.8967254409190564
,,0,2021-05-09T20:12:00Z,cpu,tortuga,0.11248593925686588
,,0,2021-05-09T20:12:00Z,cpu,Orient.local,1.8750776108120708
,,0,2021-05-09T20:12:10Z,cpu,Orient.local,1.349072512600226
,,0,2021-05-09T20:12:10Z,cpu,tortuga,0.14061621148720585
,,0,2021-05-09T20:12:20Z,cpu,tortuga,0.09689922480606492
,,0,2021-05-09T20:12:20Z,cpu,Orient.local,3.494082095140776
,,0,2021-05-09T20:12:30Z,cpu,tortuga,0.10941603101178132
,,0,2021-05-09T20:12:30Z,cpu,Orient.local,2.9738622960513816
,,0,2021-05-09T20:12:40Z,cpu,Orient.local,6.77955432459967
,,0,2021-05-09T20:12:40Z,cpu,tortuga,0.06876934137702563
,,0,2021-05-09T20:12:50Z,cpu,tortuga,0.05626934258650025
,,0,2021-05-09T20:12:50Z,cpu,Orient.local,6.282560158618939
,,0,2021-05-09T20:13:00Z,cpu,Orient.local,3.388347086851732
,,0,2021-05-09T20:13:00Z,cpu,tortuga,0.07190421108580133
,,0,2021-05-09T20:13:10Z,cpu,tortuga,0.10937841807560215
,,0,2021-05-09T20:13:10Z,cpu,Orient.local,5.293749999982538
,,0,2021-05-09T20:13:20Z,cpu,tortuga,0.046891118821894
,,0,2021-05-09T20:13:20Z,cpu,Orient.local,2.9626851677785364
,,0,2021-05-09T20:13:30Z,cpu,Orient.local,2.9299681390352275
,,0,2021-05-09T20:13:30Z,cpu,tortuga,0.20000625019614757
,,0,2021-05-09T20:13:40Z,cpu,Orient.local,3.2758189545619723
,,0,2021-05-09T20:13:40Z,cpu,tortuga,0.053138284571023216
,,0,2021-05-09T20:13:50Z,cpu,Orient.local,3.665218212967468
,,0,2021-05-09T20:13:50Z,cpu,tortuga,0.05627110166323431
,,0,2021-05-09T20:14:00Z,cpu,Orient.local,3.4073982124057904
,,0,2021-05-09T20:14:00Z,cpu,tortuga,0.05626758361950186
,,0,2021-05-09T20:14:10Z,cpu,tortuga,0.11875000000031832
,,0,2021-05-09T20:14:10Z,cpu,Orient.local,2.7614644508717987
,,0,2021-05-09T20:14:20Z,cpu,Orient.local,3.0556770604675956
,,0,2021-05-09T20:14:20Z,cpu,tortuga,0.08753008846820728
,,0,2021-05-09T20:14:30Z,cpu,tortuga,0.06877794103831816
,,0,2021-05-09T20:14:30Z,cpu,Orient.local,2.6319079769562492
,,0,2021-05-09T20:14:40Z,cpu,tortuga,0.0781298831178131
,,0,2021-05-09T20:14:40Z,cpu,Orient.local,2.6185863384750006
,,0,2021-05-09T20:14:50Z,cpu,Orient.local,1.3931405010165687
,,0,2021-05-09T20:14:50Z,cpu,tortuga,0.07502579011514413
,,0,2021-05-09T20:15:00Z,cpu,tortuga,0.06563935860948411
,,0,2021-05-09T20:15:00Z,cpu,Orient.local,1.5441360339824048
,,0,2021-05-09T20:15:10Z,cpu,Orient.local,1.5008442249274911
,,0,2021-05-09T20:15:10Z,cpu,tortuga,0.15938994280687235
,,0,2021-05-09T20:15:20Z,cpu,Orient.local,1.4684746609028283
,,0,2021-05-09T20:15:20Z,cpu,tortuga,0.15636727545670176
,,0,2021-05-09T20:15:30Z,cpu,tortuga,0.09064482855634015
,,0,2021-05-09T20:15:30Z,cpu,Orient.local,1.544136034054327
,,0,2021-05-09T20:15:40Z,cpu,Orient.local,1.7934137349811783
,,0,2021-05-09T20:15:40Z,cpu,tortuga,0.04063769928084612
,,0,2021-05-09T20:15:50Z,cpu,tortuga,0.11877598224654537
,,0,2021-05-09T20:15:50Z,cpu,Orient.local,1.4687499999126885
,,0,2021-05-09T20:16:00Z,cpu,Orient.local,1.4937500000814907
,,0,2021-05-09T20:16:00Z,cpu,tortuga,0.059384278793117584
,,0,2021-05-09T20:16:10Z,cpu,tortuga,0.09374414099138723
,,0,2021-05-09T20:16:10Z,cpu,Orient.local,2.037882102915301
,,0,2021-05-09T20:16:20Z,cpu,tortuga,0.09689619604281545
,,0,2021-05-09T20:16:20Z,cpu,Orient.local,2.3126445402245066
,,0,2021-05-09T20:16:30Z,cpu,Orient.local,2.4315539441155782
,,0,2021-05-09T20:16:30Z,cpu,tortuga,0.05939541717487526
,,0,2021-05-09T20:16:40Z,cpu,Orient.local,2.2366612521478344
,,0,2021-05-09T20:16:40Z,cpu,tortuga,0.050017193410096084
,,0,2021-05-09T20:16:50Z,cpu,tortuga,0.1188094047021563
,,0,2021-05-09T20:16:50Z,cpu,Orient.local,3.5636136291636324
,,0,2021-05-09T20:17:00Z,cpu,tortuga,0.0875000000004593
,,0,2021-05-09T20:17:00Z,cpu,Orient.local,3.0109945028229843
,,0,2021-05-09T20:17:10Z,cpu,tortuga,0.059400987932317316
,,0,2021-05-09T20:17:10Z,cpu,Orient.local,2.8201600800143103
,,0,2021-05-09T20:17:20Z,cpu,tortuga,0.0781518647033462
,,0,2021-05-09T20:17:20Z,cpu,Orient.local,2.4878109762955205
,,0,2021-05-09T20:17:30Z,cpu,tortuga,0.12499609387204012
,,0,2021-05-09T20:17:30Z,cpu,Orient.local,1.5249046934416177
,,0,2021-05-09T20:17:40Z,cpu,Orient.local,4.042057545948878
,,0,2021-05-09T20:17:40Z,cpu,tortuga,0.03751289505796559
,,0,2021-05-09T20:17:50Z,cpu,tortuga,0.05939356048717383
,,0,2021-05-09T20:17:50Z,cpu,Orient.local,4.037247672049854
,,0,2021-05-09T20:18:00Z,cpu,Orient.local,4.075509438585187
,,0,2021-05-09T20:18:00Z,cpu,tortuga,0.07813720893907866
,,0,2021-05-09T20:18:10Z,cpu,tortuga,0.056267583619906664
,,0,2021-05-09T20:18:10Z,cpu,Orient.local,2.705721732563912
,,0,2021-05-09T20:18:20Z,cpu,tortuga,0.08128302122741346
,,0,2021-05-09T20:18:20Z,cpu,Orient.local,2.222222222218965
,,0,2021-05-09T20:18:30Z,cpu,Orient.local,2.4375000000873115
,,0,2021-05-09T20:18:30Z,cpu,tortuga,0.08126523723194513
,,0,2021-05-09T20:18:40Z,cpu,tortuga,0.05938427879368611
,,0,2021-05-09T20:18:40Z,cpu,Orient.local,2.593912119536231
,,0,2021-05-09T20:18:50Z,cpu,Orient.local,2.2212570577866764
,,0,2021-05-09T20:18:50Z,cpu,tortuga,0.05313330207859623
,,0,2021-05-09T20:19:00Z,cpu,Orient.local,2.459478064933223
,,0,2021-05-09T20:19:00Z,cpu,tortuga,0.11250351573407415
,,0,2021-05-09T20:19:10Z,cpu,Orient.local,2.7807286133351776
,,0,2021-05-09T20:19:10Z,cpu,tortuga,0.171907232606735
,,0,2021-05-09T20:19:20Z,cpu,tortuga,0.06563320415025357
,,0,2021-05-09T20:19:20Z,cpu,Orient.local,3.402422274917951
,,0,2021-05-09T20:19:30Z,cpu,tortuga,0.10626992561127079
,,0,2021-05-09T20:19:30Z,cpu,Orient.local,4.025251578281754
,,0,2021-05-09T20:19:40Z,cpu,Orient.local,2.3852980047770185
,,0,2021-05-09T20:19:40Z,cpu,tortuga,0.07187499999986358
,,0,2021-05-09T20:19:50Z,cpu,Orient.local,1.794696640445253
,,0,2021-05-09T20:19:50Z,cpu,tortuga,0.03438467068879711
,,0,2021-05-09T20:20:00Z,cpu,tortuga,0.05001250312574761
,,0,2021-05-09T20:20:00Z,cpu,Orient.local,3.722208343781279
,,0,2021-05-09T20:20:10Z,cpu,Orient.local,3.8514442916143596
,,0,2021-05-09T20:20:10Z,cpu,tortuga,0.0969477107829958
,,0,2021-05-09T20:20:20Z,cpu,Orient.local,3.1498031373682664
,,0,2021-05-09T20:20:20Z,cpu,tortuga,0.07502344482635269
,,0,2021-05-09T20:20:30Z,cpu,Orient.local,2.4682871961032364
,,0,2021-05-09T20:20:30Z,cpu,tortuga,0.06253126563307303
,,0,2021-05-09T20:20:40Z,cpu,Orient.local,2.5515947466681794
,,0,2021-05-09T20:20:40Z,cpu,tortuga,0.07501640983943571
,,0,2021-05-09T20:20:50Z,cpu,Orient.local,1.2939117390346357
,,0,2021-05-09T20:20:50Z,cpu,tortuga,0.10943655806424141
,,0,2021-05-09T20:21:00Z,cpu,Orient.local,1.7621695930833938
,,0,2021-05-09T20:21:00Z,cpu,tortuga,0.124968757810041
,,0,2021-05-09T20:21:10Z,cpu,tortuga,0.04376230814909202
,,0,2021-05-09T20:21:10Z,cpu,Orient.local,1.9811261797385502
,,0,2021-05-09T20:21:20Z,cpu,tortuga,0.07502109968475162
,,0,2021-05-09T20:21:20Z,cpu,Orient.local,4.1488559213134115
,,0,2021-05-09T20:21:30Z,cpu,tortuga,0.05627637955250327
,,0,2021-05-09T20:21:30Z,cpu,Orient.local,7.473376097985014
,,0,2021-05-09T20:21:40Z,cpu,Orient.local,7.117750439406607
,,0,2021-05-09T20:21:40Z,cpu,tortuga,0.134362403524651
,,0,2021-05-09T20:21:50Z,cpu,tortuga,0.04376230814966062
,,0,2021-05-09T20:21:50Z,cpu,Orient.local,1.3747200795527503
,,0,2021-05-09T20:22:00Z,cpu,tortuga,0.08750273446002696
,,0,2021-05-09T20:22:00Z,cpu,Orient.local,1.6345374010395985
,,0,2021-05-09T20:22:10Z,cpu,tortuga,0.1000031250974985
,,0,2021-05-09T20:22:10Z,cpu,Orient.local,1.550000000060536
,,0,2021-05-09T20:22:20Z,cpu,tortuga,0.11256331686581408
,,0,2021-05-09T20:22:20Z,cpu,Orient.local,1.4756455948002678
,,0,2021-05-09T20:22:30Z,cpu,Orient.local,1.981002374853755
,,0,2021-05-09T20:22:30Z,cpu,tortuga,0.05942142298686765
,,0,2021-05-09T20:22:40Z,cpu,Orient.local,1.4131182391722874
,,0,2021-05-09T20:22:40Z,cpu,tortuga,0.12184453886507346
,,0,2021-05-09T20:22:50Z,cpu,Orient.local,1.3424914143158888
,,0,2021-05-09T20:22:50Z,cpu,tortuga,0.050020320755243874
,,0,2021-05-09T20:23:00Z,cpu,tortuga,0.05938427879368611
,,0,2021-05-09T20:23:00Z,cpu,Orient.local,1.4818983305232072
,,0,2021-05-09T20:23:10Z,cpu,tortuga,0.08127285799157703
,,0,2021-05-09T20:23:10Z,cpu,Orient.local,1.4164305948875628
,,0,2021-05-09T20:23:20Z,cpu,tortuga,0.05001562988423512
,,0,2021-05-09T20:23:20Z,cpu,Orient.local,1.3121719569307881
,,0,2021-05-09T20:23:30Z,cpu,Orient.local,1.4965226032500567
,,0,2021-05-09T20:23:30Z,cpu,tortuga,0.09065616305558591
,,0,2021-05-09T20:23:40Z,cpu,Orient.local,1.6437499998536078
,,0,2021-05-09T20:23:40Z,cpu,tortuga,0.09687802743898102
,,0,2021-05-09T20:23:50Z,cpu,Orient.local,1.3690066887931733
,,0,2021-05-09T20:23:50Z,cpu,tortuga,0.08438291089728779
,,0,2021-05-09T20:24:00Z,cpu,Orient.local,1.4431186355619778
,,0,2021-05-09T20:24:00Z,cpu,tortuga,0.08438818565434139
,,0,2021-05-09T20:24:10Z,cpu,tortuga,0.13443381479431388
,,0,2021-05-09T20:24:10Z,cpu,Orient.local,1.3312499999301508
,,0,2021-05-09T20:24:20Z,cpu,tortuga,0.08751093886731855
,,0,2021-05-09T20:24:20Z,cpu,Orient.local,1.3307509685046188
,,0,2021-05-09T20:24:30Z,cpu,tortuga,0.11252461475886927
,,0,2021-05-09T20:24:30Z,cpu,Orient.local,1.4631401238593007
,,0,2021-05-09T20:24:40Z,cpu,tortuga,0.046882325363902015
,,0,2021-05-09T20:24:40Z,cpu,Orient.local,1.8687499999941792
,,0,2021-05-09T20:24:50Z,cpu,Orient.local,1.4821763601632358
,,0,2021-05-09T20:24:50Z,cpu,tortuga,0.05001406645612202
,,0,2021-05-09T20:25:00Z,cpu,tortuga,0.05000781372096486
,,0,2021-05-09T20:25:00Z,cpu,Orient.local,1.2993503248381626
,,0,2021-05-09T20:25:10Z,cpu,Orient.local,1.7495626094679837
,,0,2021-05-09T20:25:10Z,cpu,tortuga,0.0781420935828166
,,0,2021-05-09T20:25:20Z,cpu,Orient.local,1.5568338126246164
,,0,2021-05-09T20:25:20Z,cpu,tortuga,0.09693255370372655
,,0,2021-05-09T20:25:30Z,cpu,tortuga,0.11247891020433527
,,0,2021-05-09T20:25:30Z,cpu,Orient.local,1.4564320538698012
,,0,2021-05-09T20:25:40Z,cpu,Orient.local,3.2654581574793298
,,0,2021-05-09T20:25:40Z,cpu,tortuga,0.09062783211939485
,,0,2021-05-09T20:25:50Z,cpu,tortuga,0.04689551678856866
,,0,2021-05-09T20:25:50Z,cpu,Orient.local,8.685328667968852
,,0,2021-05-09T20:26:00Z,cpu,tortuga,0.08752461629849784
,,0,2021-05-09T20:26:00Z,cpu,Orient.local,2.3694904657496947
,,0,2021-05-09T20:26:10Z,cpu,tortuga,0.09695680730586972
,,0,2021-05-09T20:26:10Z,cpu,Orient.local,2.507974232281171
,,0,2021-05-09T20:26:20Z,cpu,tortuga,0.1562207086173343
,,0,2021-05-09T20:26:20Z,cpu,Orient.local,2.0586400498285014
,,0,2021-05-09T20:26:30Z,cpu,Orient.local,2.1637170908887047
,,0,2021-05-09T20:26:30Z,cpu,tortuga,0.07189072609662336
,,0,2021-05-09T20:26:40Z,cpu,tortuga,0.06565167099123548
,,0,2021-05-09T20:26:40Z,cpu,Orient.local,1.7254313578356382
,,0,2021-05-09T20:26:50Z,cpu,tortuga,0.06251758307043682
,,0,2021-05-09T20:26:50Z,cpu,Orient.local,1.8263681907721103
,,0,2021-05-09T20:27:00Z,cpu,tortuga,0.06563525550836213
,,0,2021-05-09T20:27:00Z,cpu,Orient.local,3.8861858718729536
,,0,2021-05-09T20:27:10Z,cpu,Orient.local,1.7904094152783647
,,0,2021-05-09T20:27:10Z,cpu,tortuga,0.0813008130082457
,,0,2021-05-09T20:27:20Z,cpu,Orient.local,2.390910793403691
,,0,2021-05-09T20:27:20Z,cpu,tortuga,0.04690138202723295
,,0,2021-05-09T20:27:30Z,cpu,tortuga,0.0719064590758432
,,0,2021-05-09T20:27:30Z,cpu,Orient.local,5.024057989112892
,,0,2021-05-09T20:27:40Z,cpu,tortuga,0.04689405070840218
,,0,2021-05-09T20:27:40Z,cpu,Orient.local,3.410794602713479
,,0,2021-05-09T20:27:50Z,cpu,tortuga,0.08126269729590496
,,0,2021-05-09T20:27:50Z,cpu,Orient.local,4.8211605802129425
,,0,2021-05-09T20:28:00Z,cpu,Orient.local,4.2499207104451395
,,0,2021-05-09T20:28:00Z,cpu,tortuga,0.04063642899607282
,,0,2021-05-09T20:28:10Z,cpu,Orient.local,1.4966740577584128
,,0,2021-05-09T20:28:10Z,cpu,tortuga,0.10942287250672073
,,0,2021-05-09T20:28:20Z,cpu,tortuga,0.0969052829009166
,,0,2021-05-09T20:28:20Z,cpu,Orient.local,1.3617340246033889
,,0,2021-05-09T20:28:30Z,cpu,Orient.local,1.334419245598679
,,0,2021-05-09T20:28:30Z,cpu,tortuga,0.11561054868131501
,,0,2021-05-09T20:28:40Z,cpu,tortuga,0.09999062587923341
,,0,2021-05-09T20:28:40Z,cpu,Orient.local,1.7282256051896834
,,0,2021-05-09T20:28:50Z,cpu,Orient.local,1.538461538452578
,,0,2021-05-09T20:28:50Z,cpu,tortuga,0.046891118821894
,,0,2021-05-09T20:29:00Z,cpu,Orient.local,1.4626828354367856
,,0,2021-05-09T20:29:00Z,cpu,tortuga,0.10312822275686638
,,0,2021-05-09T20:29:10Z,cpu,tortuga,0.11564668375330577
,,0,2021-05-09T20:29:10Z,cpu,Orient.local,3.0447014692222694
,,0,2021-05-09T20:29:20Z,cpu,tortuga,0.07813232490552356
,,0,2021-05-09T20:29:20Z,cpu,Orient.local,4.515927545230531
,,0,2021-05-09T20:29:30Z,cpu,Orient.local,4.399175154503518
,,0,2021-05-09T20:29:30Z,cpu,tortuga,0.06878654285066876
,,0,2021-05-09T20:29:40Z,cpu,Orient.local,1.9142946512526458
,,0,2021-05-09T20:29:40Z,cpu,tortuga,0.046883790710720984
,,0,2021-05-09T20:29:50Z,cpu,tortuga,0.04063515879002529
,,0,2021-05-09T20:29:50Z,cpu,Orient.local,1.5269593867935853
,,0,2021-05-09T20:30:00Z,cpu,tortuga,0.04063388866281446
,,0,2021-05-09T20:30:00Z,cpu,Orient.local,1.4361439841708061
,,0,2021-05-09T20:30:10Z,cpu,tortuga,0.2406926948211433
,,0,2021-05-09T20:30:10Z,cpu,Orient.local,1.531632908189385
,,0,2021-05-09T20:30:20Z,cpu,tortuga,0.11248945411287133
,,0,2021-05-09T20:30:20Z,cpu,Orient.local,1.5401191533459744
,,0,2021-05-09T20:30:30Z,cpu,Orient.local,2.771106595223525
,,0,2021-05-09T20:30:30Z,cpu,tortuga,0.10942629357567314
,,0,2021-05-09T20:30:40Z,cpu,Orient.local,7.344385361201906
,,0,2021-05-09T20:30:40Z,cpu,tortuga,0.06565577614524902
,,0,2021-05-09T20:30:50Z,cpu,Orient.local,7.26249999992433
,,0,2021-05-09T20:30:50Z,cpu,tortuga,0.0531416067522256
,,0,2021-05-09T20:31:00Z,cpu,Orient.local,7.569795765509261
,,0,2021-05-09T20:31:00Z,cpu,tortuga,0.10939209251393688
,,0,2021-05-09T20:31:10Z,cpu,Orient.local,7.188888193780413
,,0,2021-05-09T20:31:10Z,cpu,tortuga,0.037511722413460645
,,0,2021-05-09T20:31:20Z,cpu,Orient.local,6.410979507402561
,,0,2021-05-09T20:31:20Z,cpu,tortuga,0.07815186470357374
,,0,2021-05-09T20:31:30Z,cpu,Orient.local,7.096573208658913
,,0,2021-05-09T20:31:30Z,cpu,tortuga,0.1000093758786881
,,0,2021-05-09T20:31:40Z,cpu,Orient.local,5.998731769192645
,,0,2021-05-09T20:31:40Z,cpu,tortuga,0.07500937617218034
,,0,2021-05-09T20:31:50Z,cpu,tortuga,0.046886721680180814
,,0,2021-05-09T20:31:50Z,cpu,Orient.local,3.8189886866616316
,,0,2021-05-09T20:32:00Z,cpu,tortuga,0.0843908232796389
,,0,2021-05-09T20:32:00Z,cpu,Orient.local,2.9979389170348107
,,0,2021-05-09T20:32:10Z,cpu,Orient.local,3.0412339075345143
,,0,2021-05-09T20:32:10Z,cpu,tortuga,0.06250390649429595
,,0,2021-05-09T20:32:20Z,cpu,tortuga,0.13757308570190627
,,0,2021-05-09T20:32:20Z,cpu,Orient.local,3.558274549142331
,,0,2021-05-09T20:32:30Z,cpu,Orient.local,3.6666874883009473
,,0,2021-05-09T20:32:30Z,cpu,tortuga,0.11252813203264783
,,0,2021-05-09T20:32:40Z,cpu,tortuga,0.0656291018190676
,,0,2021-05-09T20:32:40Z,cpu,Orient.local,3.103947616797235
,,0,2021-05-09T20:32:50Z,cpu,tortuga,0.11253516723957234
,,0,2021-05-09T20:32:50Z,cpu,Orient.local,2.6369671774851695
,,0,2021-05-09T20:33:00Z,cpu,tortuga,0.09688408288325853
,,0,2021-05-09T20:33:00Z,cpu,Orient.local,3.1521671149030364
,,0,2021-05-09T20:33:10Z,cpu,tortuga,0.09690528290063448
,,0,2021-05-09T20:33:10Z,cpu,Orient.local,2.548725637256422
,,0,2021-05-09T20:33:20Z,cpu,tortuga,0.09379103357713732
,,0,2021-05-09T20:33:20Z,cpu,Orient.local,1.8194322870823807
,,0,2021-05-09T20:33:30Z,cpu,tortuga,0.14699443297705497
,,0,2021-05-09T20:33:30Z,cpu,Orient.local,1.9611517082893477
,,0,2021-05-09T20:33:40Z,cpu,Orient.local,2.3504407076560185
,,0,2021-05-09T20:33:40Z,cpu,tortuga,0.10626660415688313
,,0,2021-05-09T20:33:50Z,cpu,tortuga,0.059384278793117584
,,0,2021-05-09T20:33:50Z,cpu,Orient.local,1.4195484960062716
,,0,2021-05-09T20:34:00Z,cpu,Orient.local,1.529359934570859
,,0,2021-05-09T20:34:00Z,cpu,tortuga,0.04063769928141473
,,0,2021-05-09T20:34:10Z,cpu,Orient.local,2.1774193548042313
,,0,2021-05-09T20:34:10Z,cpu,tortuga,0.08438554819367046
,,0,2021-05-09T20:34:20Z,cpu,Orient.local,2.737499999930151
,,0,2021-05-09T20:34:20Z,cpu,tortuga,0.12188261766325179
,,0,2021-05-09T20:34:30Z,cpu,tortuga,0.08130335532699208
,,0,2021-05-09T20:34:30Z,cpu,Orient.local,2.084251621438314
,,0,2021-05-09T20:34:40Z,cpu,Orient.local,2.7122641510579117
,,0,2021-05-09T20:34:40Z,cpu,tortuga,0.07499999999993179
,,0,2021-05-09T20:34:50Z,cpu,tortuga,0.0562623073798827
,,0,2021-05-09T20:34:50Z,cpu,Orient.local,1.1695540683419583
,,0,2021-05-09T20:35:00Z,cpu,Orient.local,1.4738945791543707
,,0,2021-05-09T20:35:00Z,cpu,tortuga,0.04375546943337502
,,0,2021-05-09T20:35:10Z,cpu,tortuga,0.19381662446511305
,,0,2021-05-09T20:35:10Z,cpu,Orient.local,1.4071294558574914
,,0,2021-05-09T20:35:20Z,cpu,Orient.local,1.4121469632728936
,,0,2021-05-09T20:35:20Z,cpu,tortuga,0.18751757977280176
,,0,2021-05-09T20:35:30Z,cpu,Orient.local,1.2938308643073757
,,0,2021-05-09T20:35:30Z,cpu,tortuga,0.09380863039439216
,,0,2021-05-09T20:35:40Z,cpu,Orient.local,1.206023870620047
,,0,2021-05-09T20:35:40Z,cpu,tortuga,0.06251953735500959
,,0,2021-05-09T20:35:50Z,cpu,tortuga,0.12185976752978578
,,0,2021-05-09T20:35:50Z,cpu,Orient.local,1.2399295065654485
,,0,2021-05-09T20:36:00Z,cpu,Orient.local,1.2603998509858994
,,0,2021-05-09T20:36:00Z,cpu,tortuga,0.10939551165840955
,,0,2021-05-09T20:36:10Z,cpu,tortuga,0.09377637460508664
,,0,2021-05-09T20:36:10Z,cpu,Orient.local,1.419104776197761
,,0,2021-05-09T20:36:20Z,cpu,tortuga,0.12193215569758842
,,0,2021-05-09T20:36:20Z,cpu,Orient.local,1.4611301903670064
,,0,2021-05-09T20:36:30Z,cpu,Orient.local,1.4639639640518878
,,0,2021-05-09T20:36:30Z,cpu,tortuga,0.1093989310163754
,,0,2021-05-09T20:36:40Z,cpu,tortuga,0.13128692444746246
,,0,2021-05-09T20:36:40Z,cpu,Orient.local,2.185860604583206
,,0,2021-05-09T20:36:50Z,cpu,tortuga,0.034385745545624874
,,0,2021-05-09T20:36:50Z,cpu,Orient.local,1.193899237321145
,,0,2021-05-09T20:37:00Z,cpu,Orient.local,1.4477245547210909
,,0,2021-05-09T20:37:00Z,cpu,tortuga,0.07814209358304407
,,0,2021-05-09T20:37:10Z,cpu,tortuga,0.08125000000006821
,,0,2021-05-09T20:37:10Z,cpu,Orient.local,1.3108846918445929
,,0,2021-05-09T20:37:20Z,cpu,tortuga,0.05939913089666963
,,0,2021-05-09T20:37:20Z,cpu,Orient.local,1.1745595400851165
,,0,2021-05-09T20:37:30Z,cpu,Orient.local,1.2058731646177727
,,0,2021-05-09T20:37:30Z,cpu,tortuga,0.1563037294066924
,,0,2021-05-09T20:37:40Z,cpu,Orient.local,1.5234497955613029
,,0,2021-05-09T20:37:40Z,cpu,tortuga,0.043763676149132194
,,0,2021-05-09T20:37:50Z,cpu,Orient.local,1.0872961319107137
,,0,2021-05-09T20:37:50Z,cpu,tortuga,0.0999875015624931
,,0,2021-05-09T20:38:00Z,cpu,tortuga,0.053134962805480725
,,0,2021-05-09T20:38:00Z,cpu,Orient.local,1.449999999962747
,,0,2021-05-09T20:38:10Z,cpu,Orient.local,1.2939926236070565
,,0,2021-05-09T20:38:10Z,cpu,tortuga,0.08126523723194513
,,0,2021-05-09T20:38:20Z,cpu,Orient.local,1.2374226610881747
,,0,2021-05-09T20:38:30Z,cpu,tortuga,0.12500390637223693
,,0,2021-05-09T20:38:30Z,cpu,Orient.local,1.3890611435071716
,,0,2021-05-09T20:38:40Z,cpu,tortuga,0.08435654700540043
,,0,2021-05-09T20:38:40Z,cpu,Orient.local,1.338671337506796
,,0,2021-05-09T20:38:50Z,cpu,tortuga,0.06565372350388239
,,0,2021-05-09T20:38:50Z,cpu,Orient.local,1.2624210987094322
,,0,2021-05-09T20:39:00Z,cpu,tortuga,0.043765044233691916
,,0,2021-05-09T20:39:00Z,cpu,Orient.local,1.3936628960106316
,,0,2021-05-09T20:39:10Z,cpu,Orient.local,1.3395383938217658
,,0,2021-05-09T20:39:10Z,cpu,tortuga,0.0531465908025177
,,0,2021-05-09T20:39:20Z,cpu,Orient.local,1.0633639831755355
,,0,2021-05-09T20:39:20Z,cpu,tortuga,0.028138189776535982
,,0,2021-05-09T20:39:30Z,cpu,tortuga,0.10005628165881739
,,0,2021-05-09T20:39:30Z,cpu,Orient.local,1.371478217670704
,,0,2021-05-09T20:39:40Z,cpu,Orient.local,1.4209481260748331
,,0,2021-05-09T20:39:40Z,cpu,tortuga,0.06251367486609412
,,0,2021-05-09T20:39:50Z,cpu,tortuga,0.03751524056671724
,,0,2021-05-09T20:39:50Z,cpu,Orient.local,1.1621368323255732
,,0,2021-05-09T20:40:00Z,cpu,Orient.local,1.4092446449019156
,,0,2021-05-09T20:40:00Z,cpu,tortuga,0.07499062617186983
,,0,2021-05-09T20:40:10Z,cpu,tortuga,0.1281330083127951
,,0,2021-05-09T20:40:10Z,cpu,Orient.local,1.2292524646862086
,,0,2021-05-09T20:40:20Z,cpu,Orient.local,1.2061746140616025
,,0,2021-05-09T20:40:20Z,cpu,tortuga,0.15316807852194475
,,0,2021-05-09T20:40:30Z,cpu,tortuga,0.05627286084979152
,,0,2021-05-09T20:40:30Z,cpu,Orient.local,1.1748531434086722
,,0,2021-05-09T20:40:40Z,cpu,tortuga,0.08439082327939325
,,0,2021-05-09T20:40:40Z,cpu,Orient.local,1.2189023627912192
,,0,2021-05-09T20:40:50Z,cpu,Orient.local,1.1865482233183071
,,0,2021-05-09T20:40:50Z,cpu,tortuga,0.04688672168031731
,,0,2021-05-09T20:41:00Z,cpu,Orient.local,1.3309172707654158
,,0,2021-05-09T20:41:00Z,cpu,tortuga,0.08751914481264547
,,0,2021-05-09T20:41:10Z,cpu,tortuga,0.08750546909190064
,,0,2021-05-09T20:41:10Z,cpu,Orient.local,1.1464497041904147
,,0,2021-05-09T20:41:20Z,cpu,tortuga,0.1312294953914442
,,0,2021-05-09T20:41:20Z,cpu,Orient.local,4.007001312723603
,,0,2021-05-09T20:41:30Z,cpu,tortuga,0.08442248764936057
,,0,2021-05-09T20:41:30Z,cpu,Orient.local,7.10986267146421
,,0,2021-05-09T20:41:40Z,cpu,Orient.local,7.3857868016941906
,,0,2021-05-09T20:41:40Z,cpu,tortuga,0.06564756635072899
,,0,2021-05-09T20:41:50Z,cpu,Orient.local,4.506729225950307
,,0,2021-05-09T20:41:50Z,cpu,tortuga,0.22503516174425536
,,0,2021-05-09T20:42:00Z,cpu,Orient.local,1.4530714061864813
,,0,2021-05-09T20:42:00Z,cpu,tortuga,0.0687650423528741
,,0,2021-05-09T20:42:10Z,cpu,Orient.local,1.1814715260014186
,,0,2021-05-09T20:42:10Z,cpu,tortuga,0.09066183136923493
,,0,2021-05-09T20:42:20Z,cpu,tortuga,0.07815430786547685
,,0,2021-05-09T20:42:20Z,cpu,Orient.local,1.1279608972514759
,,0,2021-05-09T20:42:30Z,cpu,tortuga,0.07503282686160513
,,0,2021-05-09T20:42:30Z,cpu,Orient.local,1.1260121457793992
,,0,2021-05-09T20:42:40Z,cpu,Orient.local,1.2609716899630492
,,0,2021-05-09T20:42:40Z,cpu,tortuga,0.06565372350388239
,,0,2021-05-09T20:42:50Z,cpu,Orient.local,1.6563920543556725
,,0,2021-05-09T20:42:50Z,cpu,tortuga,0.05312998093562412
,,0,2021-05-09T20:43:00Z,cpu,Orient.local,1.2747609822434562
,,0,2021-05-09T20:43:00Z,cpu,tortuga,0.04064786442413734
,,0,2021-05-09T20:43:10Z,cpu,tortuga,0.12812499999995453
,,0,2021-05-09T20:43:10Z,cpu,Orient.local,1.25727153314758
,,0,2021-05-09T20:43:20Z,cpu,Orient.local,1.331000437483725
,,0,2021-05-09T20:43:30Z,cpu,Orient.local,1.174706323301188
,,0,2021-05-09T20:43:30Z,cpu,tortuga,0.10008131606914533
,,0,2021-05-09T20:43:40Z,cpu,Orient.local,1.2628157039893868
,,0,2021-05-09T20:43:40Z,cpu,tortuga,0.04376367614869099
,,0,2021-05-09T20:43:50Z,cpu,Orient.local,1.4171055931465932
,,0,2021-05-09T20:43:50Z,cpu,tortuga,0.06251172094782503
,,0,2021-05-09T20:44:00Z,cpu,tortuga,0.06877149109068115
,,0,2021-05-09T20:44:00Z,cpu,Orient.local,4.240903387749378
,,0,2021-05-09T20:44:10Z,cpu,tortuga,0.05313662363649271
,,0,2021-05-09T20:44:10Z,cpu,Orient.local,3.3481444396539626
,,0,2021-05-09T20:44:20Z,cpu,Orient.local,2.2501406336729546
,,0,2021-05-09T20:44:20Z,cpu,tortuga,0.07499999999993179
,,0,2021-05-09T20:44:30Z,cpu,Orient.local,1.7740021238180872
,,0,2021-05-09T20:44:30Z,cpu,tortuga,0.09689922480663349
,,0,2021-05-09T20:44:40Z,cpu,tortuga,0.040640240089797754
,,0,2021-05-09T20:44:40Z,cpu,Orient.local,2.555291765721155
,,0,2021-05-09T20:44:50Z,cpu,tortuga,0.03751524056671724
,,0,2021-05-09T20:44:50Z,cpu,Orient.local,1.8573317383281782
,,0,2021-05-09T20:45:00Z,cpu,tortuga,0.05937685552628445
,,0,2021-05-09T20:45:00Z,cpu,Orient.local,2.7986348121889555
,,0,2021-05-09T20:45:10Z,cpu,Orient.local,2.05496564657073
,,0,2021-05-09T20:45:10Z,cpu,tortuga,0.15318723231357412
,,0,2021-05-09T20:45:20Z,cpu,tortuga,0.13128692444746246
,,0,2021-05-09T20:45:20Z,cpu,Orient.local,1.6884497529160267
,,0,2021-05-09T20:45:30Z,cpu,tortuga,0.1500985021418767
,,0,2021-05-09T20:45:30Z,cpu,Orient.local,1.687921980535198
,,0,2021-05-09T20:45:40Z,cpu,Orient.local,1.9245188702501403
,,0,2021-05-09T20:45:40Z,cpu,tortuga,0.06562910181869014
,,0,2021-05-09T20:45:50Z,cpu,Orient.local,1.338085412306348
,,0,2021-05-09T20:45:50Z,cpu,tortuga,0.07502579011514413
,,0,2021-05-09T20:46:00Z,cpu,tortuga,0.056264066016771995
,,0,2021-05-09T20:46:00Z,cpu,Orient.local,1.6759427176973776
,,0,2021-05-09T20:46:10Z,cpu,tortuga,0.11876113385671416
,,0,2021-05-09T20:46:10Z,cpu,Orient.local,1.4532871973078618
,,0,2021-05-09T20:46:20Z,cpu,tortuga,0.046886721680180814
,,0,2021-05-09T20:46:20Z,cpu,Orient.local,1.5248093988299842
,,0,2021-05-09T20:46:30Z,cpu,Orient.local,2.017130089314682
,,0,2021-05-09T20:46:30Z,cpu,tortuga,0.12505080188810969
,,0,2021-05-09T20:46:40Z,cpu,Orient.local,3.3004125516540417
,,0,2021-05-09T20:46:40Z,cpu,tortuga,0.06251758307061882
,,0,2021-05-09T20:46:50Z,cpu,tortuga,0.04688965301639935
,,0,2021-05-09T20:46:50Z,cpu,Orient.local,3.060778312218275
,,0,2021-05-09T20:47:00Z,cpu,tortuga,0.0969416473823372
,,0,2021-05-09T20:47:00Z,cpu,Orient.local,4.389145929596258
,,0,2021-05-09T20:47:10Z,cpu,Orient.local,4.3260815205108365
,,0,2021-05-09T20:47:10Z,cpu,tortuga,0.06250585992446431
,,0,2021-05-09T20:47:20Z,cpu,Orient.local,4.425276579775103
,,0,2021-05-09T20:47:20Z,cpu,tortuga,0.1219016659893668
,,0,2021-05-09T20:47:30Z,cpu,tortuga,0.046892584719308905
,,0,2021-05-09T20:47:30Z,cpu,Orient.local,4.091137965691256
,,0,2021-05-09T20:47:40Z,cpu,Orient.local,5.081567598075403
,,0,2021-05-09T20:47:40Z,cpu,tortuga,0.08126269729647348
,,0,2021-05-09T20:47:50Z,cpu,tortuga,0.04688965301639935
,,0,2021-05-09T20:47:50Z,cpu,Orient.local,2.3626476654657487
,,0,2021-05-09T20:48:00Z,cpu,Orient.local,3.847824737696411
,,0,2021-05-09T20:48:00Z,cpu,tortuga,0.07189746795908553
,,0,2021-05-09T20:48:10Z,cpu,tortuga,0.05939170391646243
,,0,2021-05-09T20:48:10Z,cpu,Orient.local,2.7167124657544344
,,0,2021-05-09T20:48:20Z,cpu,Orient.local,4.410936620237402
,,0,2021-05-09T20:48:30Z,cpu,tortuga,0.11564306922941332
,,0,2021-05-09T20:48:30Z,cpu,Orient.local,3.130076221376163
,,0,2021-05-09T20:48:40Z,cpu,Orient.local,2.595372107533172
,,0,2021-05-09T20:48:40Z,cpu,tortuga,0.07189971552715137
,,0,2021-05-09T20:48:50Z,cpu,tortuga,0.05939170391628953
,,0,2021-05-09T20:48:50Z,cpu,Orient.local,1.7551530293752189
,,0,2021-05-09T20:49:00Z,cpu,tortuga,0.03126172314630447
,,0,2021-05-09T20:49:00Z,cpu,Orient.local,1.3846057020235263
,,0,2021-05-09T20:49:10Z,cpu,Orient.local,4.500843908237225
,,0,2021-05-09T20:49:10Z,cpu,tortuga,0.15316807852194475
,,0,2021-05-09T20:49:20Z,cpu,tortuga,0.03438682046985452
,,0,2021-05-09T20:49:20Z,cpu,Orient.local,3.154299906965856
,,0,2021-05-09T20:49:30Z,cpu,tortuga,0.15942482025621268
,,0,2021-05-09T20:49:30Z,cpu,Orient.local,1.6305366400595183
,,0,2021-05-09T20:49:40Z,cpu,tortuga,0.05938613490037693
,,0,2021-05-09T20:49:40Z,cpu,Orient.local,1.8903355032912255
,,0,2021-05-09T20:49:50Z,cpu,Orient.local,1.3672118868041523
,,0,2021-05-09T20:49:50Z,cpu,tortuga,0.08126015751976765
,,0,2021-05-09T20:50:00Z,cpu,tortuga,0.07813232490529615
,,0,2021-05-09T20:50:00Z,cpu,Orient.local,1.631351959394701
,,0,2021-05-09T20:50:10Z,cpu,Orient.local,1.8481518481698564
,,0,2021-05-09T20:50:10Z,cpu,tortuga,0.10626660415662394
,,0,2021-05-09T20:50:20Z,cpu,tortuga,0.11256331686581408
,,0,2021-05-09T20:50:20Z,cpu,Orient.local,2.4835783545511485
,,0,2021-05-09T20:50:30Z,cpu,Orient.local,1.7627203401193767
,,0,2021-05-09T20:50:30Z,cpu,tortuga,0.07816408204105693
,,0,2021-05-09T20:50:40Z,cpu,Orient.local,1.7178910544119974
,,0,2021-05-09T20:50:40Z,cpu,tortuga,0.09687499999984084
,,0,2021-05-09T20:50:50Z,cpu,Orient.local,2.180704823800415
,,0,2021-05-09T20:50:50Z,cpu,tortuga,0.07815430786547685
,,0,2021-05-09T20:51:00Z,cpu,Orient.local,1.831478934863638
,,0,2021-05-09T20:51:00Z,cpu,tortuga,0.10311211098609199
,,0,2021-05-09T20:51:10Z,cpu,Orient.local,1.2946400650806653
,,0,2021-05-09T20:51:10Z,cpu,tortuga,0.08437236336384024
,,0,2021-05-09T20:51:20Z,cpu,Orient.local,4.47583921983468
,,0,2021-05-09T20:51:20Z,cpu,tortuga,0.10007192669707113
,,0,2021-05-09T20:51:30Z,cpu,tortuga,0.08439346106982405
,,0,2021-05-09T20:51:30Z,cpu,Orient.local,7.540922154120581
,,0,2021-05-09T20:51:40Z,cpu,Orient.local,5.92611114614837
,,0,2021-05-09T20:51:40Z,cpu,tortuga,0.07501875468862142
,,0,2021-05-09T20:51:50Z,cpu,Orient.local,1.5498062741001732
,,0,2021-05-09T20:51:50Z,cpu,tortuga,0.1062533204165435
,,0,2021-05-09T20:52:00Z,cpu,Orient.local,1.7748890695086845
,,0,2021-05-09T20:52:00Z,cpu,tortuga,0.04688525614957625
,,0,2021-05-09T20:52:10Z,cpu,Orient.local,1.243516840635201
,,0,2021-05-09T20:52:10Z,cpu,tortuga,0.10000312509806694
,,0,2021-05-09T20:52:20Z,cpu,tortuga,0.07500468779303236
,,0,2021-05-09T20:52:20Z,cpu,Orient.local,1.6178785017570565
,,0,2021-05-09T20:52:30Z,cpu,Orient.local,1.4838269074893726
,,0,2021-05-09T20:52:30Z,cpu,tortuga,0.12195884670682966
,,0,2021-05-09T20:52:40Z,cpu,tortuga,0.06563525550855318
,,0,2021-05-09T20:52:40Z,cpu,Orient.local,1.5748031495856771
,,0,2021-05-09T20:52:50Z,cpu,Orient.local,1.7869415808532962
,,0,2021-05-09T20:52:50Z,cpu,tortuga,0.0468925847196045
,,0,2021-05-09T20:53:00Z,cpu,Orient.local,2.044516693802283
,,0,2021-05-09T20:53:00Z,cpu,tortuga,0.06876719179776082
,,0,2021-05-09T20:53:10Z,cpu,Orient.local,1.7935258091614372
,,0,2021-05-09T20:53:10Z,cpu,tortuga,0.05001875703385969
,,0,2021-05-09T20:53:20Z,cpu,Orient.local,2.037882102915301
,,0,2021-05-09T20:53:30Z,cpu,Orient.local,1.5481434864605514
,,0,2021-05-09T20:53:30Z,cpu,tortuga,0.07819341924167261
,,0,2021-05-09T20:53:40Z,cpu,tortuga,0.0250125062531883
,,0,2021-05-09T20:53:40Z,cpu,Orient.local,1.963113473005239
,,0,2021-05-09T20:53:50Z,cpu,Orient.local,2.0280327462021326
,,0,2021-05-09T20:53:50Z,cpu,tortuga,0.09376172021510598
,,0,2021-05-09T20:54:00Z,cpu,tortuga,0.0562728608493867
,,0,2021-05-09T20:54:00Z,cpu,Orient.local,2.0207707707139044
,,0,2021-05-09T20:54:10Z,cpu,tortuga,0.0687671917983294
,,0,2021-05-09T20:54:10Z,cpu,Orient.local,3.5038411093320567
,,0,2021-05-09T20:54:20Z,cpu,Orient.local,3.1961471103432064
,,0,2021-05-09T20:54:20Z,cpu,tortuga,0.07813232490529615
,,0,2021-05-09T20:54:30Z,cpu,Orient.local,6.161344747732404
,,0,2021-05-09T20:54:30Z,cpu,tortuga,0.13443381479392244
,,0,2021-05-09T20:54:40Z,cpu,Orient.local,4.780951190700229
,,0,2021-05-09T20:54:40Z,cpu,tortuga,0.09687197275076004
,,0,2021-05-09T20:54:50Z,cpu,Orient.local,4.633301856972347
,,0,2021-05-09T20:54:50Z,cpu,tortuga,0.0843776368014731
,,0,2021-05-09T20:55:00Z,cpu,Orient.local,4.753335401935987
,,0,2021-05-09T20:55:00Z,cpu,tortuga,0.05001875703371406
,,0,2021-05-09T20:55:10Z,cpu,Orient.local,3.781959117246246
,,0,2021-05-09T20:55:10Z,cpu,tortuga,0.20632092281738917
,,0,2021-05-09T20:55:20Z,cpu,Orient.local,1.6803048286069453
,,0,2021-05-09T20:55:20Z,cpu,tortuga,0.06877149109088135
,,0,2021-05-09T20:55:30Z,cpu,tortuga,0.13756878439241943
,,0,2021-05-09T20:55:30Z,cpu,Orient.local,1.9944979367210662
,,0,2021-05-09T20:55:40Z,cpu,tortuga,0.06252540094358847
,,0,2021-05-09T20:55:40Z,cpu,Orient.local,1.6809367916553635
,,0,2021-05-09T20:55:50Z,cpu,tortuga,0.046891118822599144
,,0,2021-05-09T20:55:50Z,cpu,Orient.local,4.83064616934316
,,0,2021-05-09T20:56:00Z,cpu,Orient.local,4.338650611193155
,,0,2021-05-09T20:56:00Z,cpu,tortuga,0.09692346173075135
,,0,2021-05-09T20:56:10Z,cpu,tortuga,0.059397273977748695
,,0,2021-05-09T20:56:10Z,cpu,Orient.local,6.106005288101216
,,0,2021-05-09T20:56:20Z,cpu,Orient.local,3.7802607073327166
,,0,2021-05-09T20:56:20Z,cpu,tortuga,0.08125000000030468
,,0,2021-05-09T20:56:30Z,cpu,Orient.local,3.6604410022593457
,,0,2021-05-09T20:56:30Z,cpu,tortuga,0.14382640777882616
,,0,2021-05-09T20:56:40Z,cpu,tortuga,0.07188623222360667
,,0,2021-05-09T20:56:40Z,cpu,Orient.local,3.51337834449082
,,0,2021-05-09T20:56:50Z,cpu,Orient.local,1.8379807390134595
,,0,2021-05-09T20:56:50Z,cpu,tortuga,0.05000937675817819
,,0,2021-05-09T20:57:00Z,cpu,Orient.local,1.743608835787724
,,0,2021-05-09T20:57:00Z,cpu,tortuga,0.04377736085094386
,,0,2021-05-09T20:57:10Z,cpu,Orient.local,2.1599496223123484
,,0,2021-05-09T20:57:10Z,cpu,tortuga,0.06875644591645595
,,0,2021-05-09T20:57:20Z,cpu,Orient.local,1.768197438234534
,,0,2021-05-09T20:57:20Z,cpu,tortuga,0.05314991402228256
,,0,2021-05-09T20:57:30Z,cpu,Orient.local,1.6996464239039084
,,0,2021-05-09T20:57:30Z,cpu,tortuga,0.10937158213824826
,,0,2021-05-09T20:57:40Z,cpu,Orient.local,1.6757331333537373
,,0,2021-05-09T20:57:40Z,cpu,tortuga,0.07190196323589289
,,0,2021-05-09T20:57:50Z,cpu,Orient.local,1.5890961623099882
,,0,2021-05-09T20:57:50Z,cpu,tortuga,0.04376641240448507
,,0,2021-05-09T20:58:00Z,cpu,Orient.local,1.8600311041932733
,,0,2021-05-09T20:58:00Z,cpu,tortuga,0.046888187303111915
,,0,2021-05-09T20:58:10Z,cpu,Orient.local,1.7061433660502259
,,0,2021-05-09T20:58:10Z,cpu,tortuga,0.12190928698708126
,,0,2021-05-09T20:58:20Z,cpu,Orient.local,1.881132429165928
,,0,2021-05-09T20:58:30Z,cpu,Orient.local,1.874414245583169
,,0,2021-05-09T20:58:30Z,cpu,tortuga,0.11882798086309172
,,0,2021-05-09T20:58:40Z,cpu,Orient.local,1.81909107953858
,,0,2021-05-09T20:58:40Z,cpu,tortuga,0.06249999999947704
,,0,2021-05-09T20:58:50Z,cpu,tortuga,0.046888187302679823
,,0,2021-05-09T20:58:50Z,cpu,Orient.local,1.8256846317175328
,,0,2021-05-09T20:59:00Z,cpu,Orient.local,1.6682286785902838
,,0,2021-05-09T20:59:00Z,cpu,tortuga,0.12505471143657723
,,0,2021-05-09T20:59:10Z,cpu,Orient.local,1.4630486431698575
,,0,2021-05-09T20:59:10Z,cpu,tortuga,0.13434141464582977
,,0,2021-05-09T20:59:20Z,cpu,Orient.local,1.5249046935161235
,,0,2021-05-09T20:59:20Z,cpu,tortuga,0.0750070319092344
,,0,2021-05-09T20:59:30Z,cpu,Orient.local,2.964501510639543
,,0,2021-05-09T20:59:30Z,cpu,tortuga,0.11249296918943731
,,0,2021-05-09T20:59:40Z,cpu,tortuga,0.08124492219254467
,,0,2021-05-09T20:59:40Z,cpu,Orient.local,2.918932433328382
,,0,2021-05-09T20:59:50Z,cpu,Orient.local,4.563926226889997
,,0,2021-05-09T20:59:50Z,cpu,tortuga,0.03750703256880873

