time,host,usage_user
2021-05-09T20:00:00.000000000,Orient.local,1.3060051241426953
2021-05-09T20:00:00.000000000,tortuga,0.09685986564617653
2021-05-09T20:00:10.000000000,Orient.local,2.185860604481495
2021-05-09T20:00:10.000000000,tortuga,0.11880569016749998
2021-05-09T20:00:20.000000000,Orient.local,2.7508596436572934
2021-05-09T20:00:20.000000000,tortuga,0.08128048017992752
2021-05-09T20:00:30.000000000,Orient.local,4.125773582635691
2021-05-09T20:00:30.000000000,tortuga,0.1626321386126456
2021-05-09T20:00:40.000000000,Orient.local,3.348953451871231
2021-05-09T20:00:40.000000000,tortuga,0.08124746101639976
2021-05-09T20:00:50.000000000,Orient.local,2.1820682755284073
2021-05-09T20:00:50.000000000,tortuga,0.08437763680122752
2021-05-09T20:01:00.000000000,Orient.local,1.7069968110963927
2021-05-09T20:01:00.000000000,tortuga,0.07188623222381592
2021-05-09T20:01:10.000000000,Orient.local,2.695771828987005
2021-05-09T20:01:10.000000000,tortuga,0.06876504235344266
2021-05-09T20:01:20.000000000,Orient.local,4.099588169319055
2021-05-09T20:01:20.000000000,tortuga,0.043756837005447385
2021-05-09T20:01:30.000000000,Orient.local,9.265558074745341
2021-05-09T20:01:30.000000000,tortuga,0.09691134175303207
2021-05-09T20:01:40.000000000,Orient.local,9.268565047561946
2021-05-09T20:01:40.000000000,tortuga,0.05313164145521082
2021-05-09T20:01:50.000000000,Orient.local,7.5413933144192855
2021-05-09T20:01:50.000000000,tortuga,0.06252149176308644
2021-05-09T20:02:00.000000000,Orient.local,7.2464674254449095
2021-05-09T20:02:00.000000000,tortuga,0.11254572169958305
2021-05-09T20:02:10.000000000,Orient.local,2.476857643282995
2021-05-09T20:02:10.000000000,tortuga,0.09375585974114833
2021-05-09T20:02:20.000000000,Orient.local,1.2554653341602782
2021-05-09T20:02:20.000000000,tortuga,0.12816905811381543
2021-05-09T20:02:30.000000000,Orient.local,1.268591426063212
2021-05-09T20:02:30.000000000,tortuga,0.10312499999997726
2021-05-09T20:02:40.000000000,Orient.local,1.5999000061598807
2021-05-09T20:02:40.000000000,tortuga,0.0625234462924269
2021-05-09T20:02:50.000000000,tortuga,0.053133302078441566
2021-05-09T20:02:50.000000000,Orient.local,2.882330874184798
2021-05-09T20:03:00.000000000,tortuga,0.07502109968440143
2021-05-09T20:03:00.000000000,Orient.local,2.4831123343072705
2021-05-09T20:03:10.000000000,tortuga,0.07500234382312387
2021-05-09T20:03:10.000000000,Orient.local,2.715525313535945
2021-05-09T20:03:20.000000000,tortuga,0.05938056692835708
2021-05-09T20:03:20.000000000,Orient.local,3.4135667396782403
2021-05-09T20:03:30.000000000,tortuga,0.13445903689783903
2021-05-09T20:03:30.000000000,Orient.local,5.3905321741417564
2021-05-09T20:03:40.000000000,tortuga,0.07811767646799482
2021-05-09T20:03:40.000000000,Orient.local,3.0282217783475462
2021-05-09T20:03:50.000000000,tortuga,0.07502579011536255
2021-05-09T20:03:50.000000000,Orient.local,2.7973790322438683
2021-05-09T20:04:00.000000000,tortuga,0.07500468779259575
2021-05-09T20:04:00.000000000,Orient.local,2.0185081672207374
2021-05-09T20:04:10.000000000,tortuga,0.09373535385106077
2021-05-09T20:04:10.000000000,Orient.local,2.5161980246854903
2021-05-09T20:04:20.000000000,tortuga,0.10626328291011235
2021-05-09T20:04:20.000000000,Orient.local,2.1608196212640616
2021-05-09T20:04:30.000000000,tortuga,0.10627989121971085
2021-05-09T20:04:30.000000000,Orient.local,2.1620946073224157
2021-05-09T20:04:40.000000000,tortuga,0.0781420935828166
2021-05-09T20:04:40.000000000,Orient.local,2.723297938826899
2021-05-09T20:04:50.000000000,tortuga,0.06875429714347088
2021-05-09T20:04:50.000000000,Orient.local,1.4064258031887231
2021-05-09T20:05:00.000000000,tortuga,0.662831415706483
2021-05-09T20:05:00.000000000,Orient.local,2.3497062867812466
2021-05-09T20:05:10.000000000,tortuga,0.06251172094782503
2021-05-09T20:05:10.000000000,Orient.local,3.095878416370618
2021-05-09T20:05:20.000000000,tortuga,0.09066466579115692
2021-05-09T20:05:20.000000000,Orient.local,5.023116331324187
2021-05-09T20:05:30.000000000,tortuga,0.15320160080040332
2021-05-09T20:05:30.000000000,Orient.local,3.092783505183134
2021-05-09T20:05:40.000000000,tortuga,0.0875164093270961
2021-05-09T20:05:40.000000000,Orient.local,1.957718288668189
2021-05-09T20:05:50.000000000,tortuga,0.053143267998452884
2021-05-09T20:05:50.000000000,Orient.local,1.892448941465379
2021-05-09T20:06:00.000000000,tortuga,0.06875859482395624
2021-05-09T20:06:00.000000000,Orient.local,2.6628328540216133
2021-05-09T20:06:10.000000000,tortuga,0.05626758362007048
2021-05-09T20:06:10.000000000,Orient.local,2.592825676499191
2021-05-09T20:06:20.000000000,tortuga,0.11565752867980084
2021-05-09T20:06:20.000000000,Orient.local,2.7447792922114513
2021-05-09T20:06:30.000000000,tortuga,0.08438291089777901
2021-05-09T20:06:30.000000000,Orient.local,2.881790335639238
2021-05-09T20:06:40.000000000,tortuga,0.08754924645125194
2021-05-09T20:06:40.000000000,Orient.local,5.315717652976406
2021-05-09T20:06:50.000000000,tortuga,0.06877579092121468
2021-05-09T20:06:50.000000000,Orient.local,3.2012004501408344
2021-05-09T20:07:00.000000000,tortuga,0.10944340212682518
2021-05-09T20:07:00.000000000,Orient.local,2.8090590591213203
2021-05-09T20:07:10.000000000,tortuga,0.05626582476327942
2021-05-09T20:07:10.000000000,Orient.local,3.4723957031540738
2021-05-09T20:07:20.000000000,tortuga,0.04688818730254332
2021-05-09T20:07:20.000000000,Orient.local,2.6697511567351997
2021-05-09T20:07:30.000000000,tortuga,0.10315078769692551
2021-05-09T20:07:30.000000000,Orient.local,2.013632668309703
2021-05-09T20:07:40.000000000,tortuga,0.04376230814953321
2021-05-09T20:07:40.000000000,Orient.local,1.9976278169680137
2021-05-09T20:07:50.000000000,tortuga,0.05939356048734674
2021-05-09T20:07:50.000000000,Orient.local,1.8447396588809573
2021-05-09T20:08:00.000000000,tortuga,0.03438682046955418
2021-05-09T20:08:00.000000000,Orient.local,3.021654153890238
2021-05-09T20:08:10.000000000,tortuga,0.11561054868141951
2021-05-09T20:08:10.000000000,Orient.local,2.8373226673935656
2021-05-09T20:08:20.000000000,tortuga,0.06877579092198356
2021-05-09T20:08:20.000000000,Orient.local,2.9558805148634373
2021-05-09T20:08:30.000000000,tortuga,0.23150320663191595
2021-05-09T20:08:30.000000000,Orient.local,1.7555916531388371
2021-05-09T20:08:40.000000000,tortuga,0.11258443832900729
2021-05-09T20:08:40.000000000,Orient.local,1.625914576898536
2021-05-09T20:08:50.000000000,tortuga,0.13120899718855406
2021-05-09T20:08:50.000000000,Orient.local,1.6875000001164153
2021-05-09T20:09:00.000000000,tortuga,0.06563525550836213
2021-05-09T20:09:00.000000000,Orient.local,2.681082432260705
2021-05-09T20:09:10.000000000,tortuga,0.06251758307043682
2021-05-09T20:09:10.000000000,Orient.local,3.0448918345531792
2021-05-09T20:09:20.000000000,tortuga,0.05313994560970072
2021-05-09T20:09:20.000000000,Orient.local,3.0424189416316993
2021-05-09T20:09:30.000000000,tortuga,0.06565372350369122
2021-05-09T20:09:30.000000000,Orient.local,2.6690836353964644
2021-05-09T20:09:40.000000000,tortuga,0.037509377344594995
2021-05-09T20:09:40.000000000,Orient.local,1.6816704177056239
2021-05-09T20:09:50.000000000,tortuga,0.05313662363649271
2021-05-09T20:09:50.000000000,Orient.local,2.3630907725518764
2021-05-09T20:10:00.000000000,tortuga,0.050015629884380734
2021-05-09T20:10:00.000000000,Orient.local,2.3050974514106506
2021-05-09T20:10:10.000000000,tortuga,0.12189404594407115
2021-05-09T20:10:10.000000000,Orient.local,2.1539236679051625
2021-05-09T20:10:20.000000000,tortuga,0.11255627813930397
2021-05-09T20:10:20.000000000,Orient.local,3.058122945310659
2021-05-09T20:10:30.000000000,tortuga,0.17196635712745703
2021-05-09T20:10:30.000000000,Orient.local,2.844105513144081
2021-05-09T20:10:40.000000000,tortuga,0.07813232490529615
2021-05-09T20:10:40.000000000,Orient.local,1.5051325651135727
2021-05-09T20:10:50.000000000,tortuga,0.050014066456267624
2021-05-09T20:10:50.000000000,Orient.local,1.4688418025061936
2021-05-09T20:11:00.000000000,tortuga,0.10628985869678455
2021-05-09T20:11:00.000000000,Orient.local,1.4770682058471134
2021-05-09T20:11:10.000000000,tortuga,0.0531416067522256
2021-05-09T20:11:10.000000000,Orient.local,1.468291159021216
2021-05-09T20:11:20.000000000,tortuga,0.08441984804439034
2021-05-09T20:11:20.000000000,Orient.local,5.019377421830567
2021-05-09T20:11:30.000000000,tortuga,0.17817511175000578
2021-05-09T20:11:30.000000000,Orient.local,9.100568785889163
2021-05-09T20:11:40.000000000,tortuga,0.08126015751976765
2021-05-09T20:11:40.000000000,Orient.local,6.961629796068825
2021-05-09T20:11:50.000000000,tortuga,0.10940919037229609
2021-05-09T20:11:50.000000000,Orient.local,2.8967254409190564
2021-05-09T20:12:00.000000000,tortuga,0.11248593925686588
2021-05-09T20:12:00.000000000,Orient.local,1.8750776108120708
2021-05-09T20:12:10.000000000,tortuga,0.14061621148720585
2021-05-09T20:12:10.000000000,Orient.local,1.349072512600226
2021-05-09T20:12:20.000000000,tortuga,0.09689922480606492
2021-05-09T20:12:20.000000000,Orient.local,3.494082095140776
2021-05-09T20:12:30.000000000,tortuga,0.10941603101178132
2021-05-09T20:12:30.000000000,Orient.local,2.9738622960513816
2021-05-09T20:12:40.000000000,tortuga,0.06876934137702563
2021-05-09T20:12:40.000000000,Orient.local,6.77955432459967
2021-05-09T20:12:50.000000000,tortuga,0.05626934258650025
2021-05-09T20:12:50.000000000,Orient.local,6.282560158618939
2021-05-09T20:13:00.000000000,tortuga,0.07190421108580133
2021-05-09T20:13:00.000000000,Orient.local,3.388347086851732
2021-05-09T20:13:10.000000000,tortuga,0.10937841807560215
2021-05-09T20:13:10.000000000,Orient.local,5.293749999982538
2021-05-09T20:13:20.000000000,tortuga,0.046891118821894
2021-05-09T20:13:20.000000000,Orient.local,2.9626851677785364
2021-05-09T20:13:30.000000000,tortuga,0.20000625019614757
2021-05-09T20:13:30.000000000,Orient.local,2.9299681390352275
2021-05-09T20:13:40.000000000,tortuga,0.053138284571023216
2021-05-09T20:13:40.000000000,Orient.local,3.2758189545619723
2021-05-09T20:13:50.000000000,tortuga,0.05627110166323431
2021-05-09T20:13:50.000000000,Orient.local,3.665218212967468
2021-05-09T20:14:00.000000000,tortuga,0.05626758361950186
2021-05-09T20:14:00.000000000,Orient.local,3.4073982124057904
2021-05-09T20:14:10.000000000,tortuga,0.11875000000031832
2021-05-09T20:14:10.000000000,Orient.local,2.7614644508717987
2021-05-09T20:14:20.000000000,tortuga,0.08753008846820728
2021-05-09T20:14:20.000000000,Orient.local,3.0556770604675956
2021-05-09T20:14:30.000000000,tortuga,0.06877794103831816
2021-05-09T20:14:30.000000000,Orient.local,2.6319079769562492
2021-05-09T20:14:40.000000000,tortuga,0.0781298831178131
2021-05-09T20:14:40.000000000,Orient.local,2.6185863384750006
2021-05-09T20:14:50.000000000,tortuga,0.07502579011514413
2021-05-09T20:14:50.000000000,Orient.local,1.3931405010165687
2021-05-09T20:15:00.000000000,tortuga,0.06563935860948411
2021-05-09T20:15:00.000000000,Orient.local,1.5441360339824048
2021-05-09T20:15:10.000000000,tortuga,0.15938994280687235
2021-05-09T20:15:10.000000000,Orient.local,1.5008442249274911
2021-05-09T20:15:20.000000000,tortuga,0.15636727545670176
2021-05-09T20:15:20.000000000,Orient.local,1.4684746609028283
2021-05-09T20:15:30.000000000,tortuga,0.09064482855634015
2021-05-09T20:15:30.000000000,Orient.local,1.544136034054327
2021-05-09T20:15:40.000000000,tortuga,0.04063769928084612
2021-05-09T20:15:40.000000000,Orient.local,1.7934137349811783
2021-05-09T20:15:50.000000000,tortuga,0.11877598224654537
2021-05-09T20:15:50.000000000,Orient.local,1.4687499999126885
2021-05-09T20:16:00.000000000,tortuga,0.059384278793117584
2021-05-09T20:16:00.000000000,Orient.local,1.4937500000814907
2021-05-09T20:16:10.000000000,tortuga,0.09374414099138723
2021-05-09T20:16:10.000000000,Orient.local,2.037882102915301
2021-05-09T20:16:20.000000000,tortuga,0.09689619604281545
2021-05-09T20:16:20.000000000,Orient.local,2.3126445402245066
2021-05-09T20:16:30.000000000,tortuga,0.05939541717487526
2021-05-09T20:16:30.000000000,Orient.local,2.4315539441155782
2021-05-09T20:16:40.000000000,tortuga,0.050017193410096084
2021-05-09T20:16:40.000000000,Orient.local,2.2366612521478344
2021-05-09T20:16:50.000000000,tortuga,0.1188094047021563
2021-05-09T20:16:50.000000000,Orient.local,3.5636136291636324
2021-05-09T20:17:00.000000000,tortuga,0.0875000000004593
2021-05-09T20:17:00.000000000,Orient.local,3.0109945028229843
2021-05-09T20:17:10.000000000,tortuga,0.059400987932317316
2021-05-09T20:17:10.000000000,Orient.local,2.8201600800143103
2021-05-09T20:17:20.000000000,tortuga,0.0781518647033462
2021-05-09T20:17:20.000000000,Orient.local,2.4878109762955205
2021-05-09T20:17:30.000000000,tortuga,0.12499609387204012
2021-05-09T20:17:30.000000000,Orient.local,1.5249046934416177
2021-05-09T20:17:40.000000000,tortuga,0.03751289505796559
2021-05-09T20:17:40.000000000,Orient.local,4.042057545948878
2021-05-09T20:17:50.000000000,tortuga,0.05939356048717383
2021-05-09T20:17:50.000000000,Orient.local,4.037247672049854
2021-05-09T20:18:00.000000000,tortuga,0.07813720893907866
2021-05-09T20:18:00.000000000,Orient.local,4.075509438585187
2021-05-09T20:18:10.000000000,tortuga,0.056267583619906664
2021-05-09T20:18:10.000000000,Orient.local,2.705721732563912
2021-05-09T20:18:20.000000000,tortuga,0.08128302122741346
2021-05-09T20:18:20.000000000,Orient.local,2.222222222218965
2021-05-09T20:18:30.000000000,tortuga,0.08126523723194513
2021-05-09T20:18:30.000000000,Orient.local,2.4375000000873115
2021-05-09T20:18:40.000000000,tortuga,0.05938427879368611
2021-05-09T20:18:40.000000000,Orient.local,2.593912119536231
2021-05-09T20:18:50.000000000,tortuga,0.05313330207859623
2021-05-09T20:18:50.000000000,Orient.local,2.2212570577866764
2021-05-09T20:19:00.000000000,tortuga,0.11250351573407415
2021-05-09T20:19:00.000000000,Orient.local,2.459478064933223
2021-05-09T20:19:10.000000000,tortuga,0.171907232606735
2021-05-09T20:19:10.000000000,Orient.local,2.7807286133351776
2021-05-09T20:19:20.000000000,tortuga,0.06563320415025357
2021-05-09T20:19:20.000000000,Orient.local,3.402422274917951
2021-05-09T20:19:30.000000000,tortuga,0.10626992561127079
2021-05-09T20:19:30.000000000,Orient.local,4.025251578281754
2021-05-09T20:19:40.000000000,tortuga,0.07187499999986358
2021-05-09T20:19:40.000000000,Orient.local,2.3852980047770185
2021-05-09T20:19:50.000000000,tortuga,0.03438467068879711
2021-05-09T20:19:50.000000000,Orient.local,1.794696640445253
2021-05-09T20:20:00.000000000,tortuga,0.05001250312574761
2021-05-09T20:20:00.000000000,Orient.local,3.722208343781279
2021-05-09T20:20:10.000000000,tortuga,0.0969477107829958
2021-05-09T20:20:10.000000000,Orient.local,3.8514442916143596
2021-05-09T20:20:20.000000000,tortuga,0.07502344482635269
2021-05-09T20:20:20.000000000,Orient.local,3.1498031373682664
2021-05-09T20:20:30.000000000,tortuga,0.06253126563307303
2021-05-09T20:20:30.000000000,Orient.local,2.4682871961032364
2021-05-09T20:20:40.000000000,tortuga,0.07501640983943571
2021-05-09T20:20:40.000000000,Orient.local,2.5515947466681794
2021-05-09T20:20:50.000000000,tortuga,0.10943655806424141
2021-05-09T20:20:50.000000000,Orient.local,1.2939117390346357
2021-05-09T20:21:00.000000000,tortuga,0.124968757810041
2021-05-09T20:21:00.000000000,Orient.local,1.7621695930833938
2021-05-09T20:21:10.000000000,tortuga,0.04376230814909202
2021-05-09T20:21:10.000000000,Orient.local,1.9811261797385502
2021-05-09T20:21:20.000000000,tortuga,0.07502109968475162
2021-05-09T20:21:20.000000000,Orient.local,4.1488559213134115
2021-05-09T20:21:30.000000000,tortuga,0.05627637955250327
2021-05-09T20:21:30.000000000,Orient.local,7.473376097985014
2021-05-09T20:21:40.000000000,tortuga,0.134362403524651
2021-05-09T20:21:40.000000000,Orient.local,7.117750439406607
2021-05-09T20:21:50.000000000,tortuga,0.04376230814966062
2021-05-09T20:21:50.000000000,Orient.local,1.3747200795527503
2021-05-09T20:22:00.000000000,tortuga,0.08750273446002696
2021-05-09T20:22:00.000000000,Orient.local,1.6345374010395985
2021-05-09T20:22:10.000000000,tortuga,0.1000031250974985
2021-05-09T20:22:10.000000000,Orient.local,1.550000000060536
2021-05-09T20:22:20.000000000,Orient.local,1.4756455948002678
2021-05-09T20:22:20.000000000,tortuga,0.11256331686581408
2021-05-09T20:22:30.000000000,tortuga,0.05942142298686765
2021-05-09T20:22:30.000000000,Orient.local,1.981002374853755
2021-05-09T20:22:40.000000000,Orient.local,1.4131182391722874
2021-05-09T20:22:40.000000000,tortuga,0.12184453886507346
2021-05-09T20:22:50.000000000,tortuga,0.050020320755243874
2021-05-09T20:22:50.000000000,Orient.local,1.3424914143158888
2021-05-09T20:23:00.000000000,Orient.local,1.4818983305232072
2021-05-09T20:23:00.000000000,tortuga,0.05938427879368611
2021-05-09T20:23:10.000000000,Orient.local,1.4164305948875628
2021-05-09T20:23:10.000000000,tortuga,0.08127285799157703
2021-05-09T20:23:20.000000000,Orient.local,1.3121719569307881
2021-05-09T20:23:20.000000000,tortuga,0.05001562988423512
2021-05-09T20:23:30.000000000,Orient.local,1.4965226032500567
2021-05-09T20:23:30.000000000,tortuga,0.09065616305558591
2021-05-09T20:23:40.000000000,Orient.local,1.6437499998536078
2021-05-09T20:23:40.000000000,tortuga,0.09687802743898102
2021-05-09T20:23:50.000000000,Orient.local,1.3690066887931733
2021-05-09T20:23:50.000000000,tortuga,0.08438291089728779
2021-05-09T20:24:00.000000000,Orient.local,1.4431186355619778
2021-05-09T20:24:00.000000000,tortuga,0.08438818565434139
2021-05-09T20:24:10.000000000,Orient.local,1.3312499999301508
2021-05-09T20:24:10.000000000,tortuga,0.13443381479431388
2021-05-09T20:24:20.000000000,Orient.local,1.3307509685046188
2021-05-09T20:24:20.000000000,tortuga,0.08751093886731855
2021-05-09T20:24:30.000000000,Orient.local,1.4631401238593007
2021-05-09T20:24:30.000000000,tortuga,0.11252461475886927
2021-05-09T20:24:40.000000000,Orient.local,1.8687499999941792
2021-05-09T20:24:40.000000000,tortuga,0.046882325363902015
2021-05-09T20:24:50.000000000,Orient.local,1.4821763601632358
2021-05-09T20:24:50.000000000,tortuga,0.05001406645612202
2021-05-09T20:25:00.000000000,Orient.local,1.2993503248381626
2021-05-09T20:25:00.000000000,tortuga,0.05000781372096486
2021-05-09T20:25:10.000000000,Orient.local,1.7495626094679837
2021-05-09T20:25:10.000000000,tortuga,0.0781420935828166
2021-05-09T20:25:20.000000000,Orient.local,1.5568338126246164
2021-05-09T20:25:20.000000000,tortuga,0.09693255370372655
2021-05-09T20:25:30.000000000,Orient.local,1.4564320538698012
2021-05-09T20:25:30.000000000,tortuga,0.11247891020433527
2021-05-09T20:25:40.000000000,Orient.local,3.2654581574793298
2021-05-09T20:25:40.000000000,tortuga,0.09062783211939485
2021-05-09T20:25:50.000000000,Orient.local,8.685328667968852
2021-05-09T20:25:50.000000000,tortuga,0.04689551678856866
2021-05-09T20:26:00.000000000,Orient.local,2.3694904657496947
2021-05-09T20:26:00.000000000,tortuga,0.08752461629849784
2021-05-09T20:26:10.000000000,Orient.local,2.507974232281171
2021-05-09T20:26:10.000000000,tortuga,0.09695680730586972
2021-05-09T20:26:20.000000000,Orient.local,2.0586400498285014
2021-05-09T20:26:20.000000000,tortuga,0.1562207086173343
2021-05-09T20:26:30.000000000,Orient.local,2.1637170908887047
2021-05-09T20:26:30.000000000,tortuga,0.07189072609662336
2021-05-09T20:26:40.000000000,Orient.local,1.7254313578356382
2021-05-09T20:26:40.000000000,tortuga,0.06565167099123548
2021-05-09T20:26:50.000000000,Orient.local,1.8263681907721103
2021-05-09T20:26:50.000000000,tortuga,0.06251758307043682
2021-05-09T20:27:00.000000000,Orient.local,3.8861858718729536
2021-05-09T20:27:00.000000000,tortuga,0.06563525550836213
2021-05-09T20:27:10.000000000,Orient.local,1.7904094152783647
2021-05-09T20:27:10.000000000,tortuga,0.0813008130082457
2021-05-09T20:27:20.000000000,Orient.local,2.390910793403691
2021-05-09T20:27:20.000000000,tortuga,0.04690138202723295
2021-05-09T20:27:30.000000000,Orient.local,5.024057989112892
2021-05-09T20:27:30.000000000,tortuga,0.0719064590758432
2021-05-09T20:27:40.000000000,Orient.local,3.410794602713479
2021-05-09T20:27:40.000000000,tortuga,0.04689405070840218
2021-05-09T20:27:50.000000000,Orient.local,4.8211605802129425
2021-05-09T20:27:50.000000000,tortuga,0.08126269729590496
2021-05-09T20:28:00.000000000,Orient.local,4.2499207104451395
2021-05-09T20:28:00.000000000,tortuga,0.04063642899607282
2021-05-09T20:28:10.000000000,Orient.local,1.4966740577584128
2021-05-09T20:28:10.000000000,tortuga,0.10942287250672073
2021-05-09T20:28:20.000000000,Orient.local,1.3617340246033889
2021-05-09T20:28:20.000000000,tortuga,0.0969052829009166
2021-05-09T20:28:30.000000000,Orient.local,1.334419245598679
2021-05-09T20:28:30.000000000,tortuga,0.11561054868131501
2021-05-09T20:28:40.000000000,Orient.local,1.7282256051896834
2021-05-09T20:28:40.000000000,tortuga,0.09999062587923341
2021-05-09T20:28:50.000000000,Orient.local,1.538461538452578
2021-05-09T20:28:50.000000000,tortuga,0.046891118821894
2021-05-09T20:29:00.000000000,Orient.local,1.4626828354367856
2021-05-09T20:29:00.000000000,tortuga,0.10312822275686638
2021-05-09T20:29:10.000000000,Orient.local,3.0447014692222694
2021-05-09T20:29:10.000000000,tortuga,0.11564668375330577
2021-05-09T20:29:20.000000000,Orient.local,4.515927545230531
2021-05-09T20:29:20.000000000,tortuga,0.07813232490552356
2021-05-09T20:29:30.000000000,Orient.local,4.399175154503518
2021-05-09T20:29:30.000000000,tortuga,0.06878654285066876
2021-05-09T20:29:40.000000000,Orient.local,1.9142946512526458
2021-05-09T20:29:40.000000000,tortuga,0.046883790710720984
2021-05-09T20:29:50.000000000,Orient.local,1.5269593867935853
2021-05-09T20:29:50.000000000,tortuga,0.04063515879002529
2021-05-09T20:30:00.000000000,Orient.local,1.4361439841708061
2021-05-09T20:30:00.000000000,tortuga,0.04063388866281446
2021-05-09T20:30:10.000000000,tortuga,0.2406926948211433
2021-05-09T20:30:10.000000000,Orient.local,1.531632908189385
2021-05-09T20:30:20.000000000,tortuga,0.11248945411287133
2021-05-09T20:30:20.000000000,Orient.local,1.5401191533459744
2021-05-09T20:30:30.000000000,tortuga,0.10942629357567314
2021-05-09T20:30:30.000000000,Orient.local,2.771106595223525
2021-05-09T20:30:40.000000000,tortuga,0.06565577614524902
2021-05-09T20:30:40.000000000,Orient.local,7.344385361201906
2021-05-09T20:30:50.000000000,tortuga,0.0531416067522256
2021-05-09T20:30:50.000000000,Orient.local,7.26249999992433
2021-05-09T20:31:00.000000000,tortuga,0.10939209251393688
2021-05-09T20:31:00.000000000,Orient.local,7.569795765509261
2021-05-09T20:31:10.000000000,tortuga,0.037511722413460645
2021-05-09T20:31:10.000000000,Orient.local,7.188888193780413
2021-05-09T20:31:20.000000000,tortuga,0.07815186470357374
2021-05-09T20:31:20.000000000,Orient.local,6.410979507402561
2021-05-09T20:31:30.000000000,tortuga,0.1000093758786881
2021-05-09T20:31:30.000000000,Orient.local,7.096573208658913
2021-05-09T20:31:40.000000000,tortuga,0.07500937617218034
2021-05-09T20:31:40.000000000,Orient.local,5.998731769192645
2021-05-09T20:31:50.000000000,tortuga,0.046886721680180814
2021-05-09T20:31:50.000000000,Orient.local,3.8189886866616316
2021-05-09T20:32:00.000000000,tortuga,0.0843908232796389
2021-05-09T20:32:00.000000000,Orient.local,2.9979389170348107
2021-05-09T20:32:10.000000000,tortuga,0.06250390649429595
2021-05-09T20:32:10.000000000,Orient.local,3.0412339075345143
2021-05-09T20:32:20.000000000,tortuga,0.13757308570190627
2021-05-09T20:32:20.000000000,Orient.local,3.558274549142331
2021-05-09T20:32:30.000000000,tortuga,0.11252813203264783
2021-05-09T20:32:30.000000000,Orient.local,3.6666874883009473
2021-05-09T20:32:40.000000000,tortuga,0.0656291018190676
2021-05-09T20:32:40.000000000,Orient.local,3.103947616797235
2021-05-09T20:32:50.000000000,tortuga,0.11253516723957234
2021-05-09T20:32:50.000000000,Orient.local,2.6369671774851695
2021-05-09T20:33:00.000000000,tortuga,0.09688408288325853
2021-05-09T20:33:00.000000000,Orient.local,3.1521671149030364
2021-05-09T20:33:10.000000000,tortuga,0.09690528290063448
2021-05-09T20:33:10.000000000,Orient.local,2.548725637256422
2021-05-09T20:33:20.000000000,tortuga,0.09379103357713732
2021-05-09T20:33:20.000000000,Orient.local,1.8194322870823807
2021-05-09T20:33:30.000000000,tortuga,0.14699443297705497
2021-05-09T20:33:30.000000000,Orient.local,1.9611517082893477
2021-05-09T20:33:40.000000000,tortuga,0.10626660415688313
2021-05-09T20:33:40.000000000,Orient.local,2.3504407076560185
2021-05-09T20:33:50.000000000,tortuga,0.059384278793117584
2021-05-09T20:33:50.000000000,Orient.local,1.4195484960062716
2021-05-09T20:34:00.000000000,tortuga,0.04063769928141473
2021-05-09T20:34:00.000000000,Orient.local,1.529359934570859
2021-05-09T20:34:10.000000000,tortuga,0.08438554819367046
2021-05-09T20:34:10.000000000,Orient.local,2.1774193548042313
2021-05-09T20:34:20.000000000,tortuga,0.12188261766325179
2021-05-09T20:34:20.000000000,Orient.local,2.737499999930151
2021-05-09T20:34:30.000000000,tortuga,0.08130335532699208
2021-05-09T20:34:30.000000000,Orient.local,2.084251621438314
2021-05-09T20:34:40.000000000,tortuga,0.07499999999993179
2021-05-09T20:34:40.000000000,Orient.local,2.7122641510579117
2021-05-09T20:34:50.000000000,tortuga,0.0562623073798827
2021-05-09T20:34:50.000000000,Orient.local,1.1695540683419583
2021-05-09T20:35:00.000000000,tortuga,0.04375546943337502
2021-05-09T20:35:00.000000000,Orient.local,1.4738945791543707
2021-05-09T20:35:10.000000000,tortuga,0.19381662446511305
2021-05-09T20:35:10.000000000,Orient.local,1.4071294558574914
2021-05-09T20:35:20.000000000,tortuga,0.18751757977280176
2021-05-09T20:35:20.000000000,Orient.local,1.4121469632728936
2021-05-09T20:35:30.000000000,tortuga,0.09380863039439216
2021-05-09T20:35:30.000000000,Orient.local,1.2938308643073757
2021-05-09T20:35:40.000000000,tortuga,0.06251953735500959
2021-05-09T20:35:40.000000000,Orient.local,1.206023870620047
2021-05-09T20:35:50.000000000,tortuga,0.12185976752978578
2021-05-09T20:35:50.000000000,Orient.local,1.2399295065654485
2021-05-09T20:36:00.000000000,tortuga,0.10939551165840955
2021-05-09T20:36:00.000000000,Orient.local,1.2603998509858994
2021-05-09T20:36:10.000000000,tortuga,0.09377637460508664
2021-05-09T20:36:10.000000000,Orient.local,1.419104776197761
2021-05-09T20:36:20.000000000,tortuga,0.12193215569758842
2021-05-09T20:36:20.000000000,Orient.local,1.4611301903670064
2021-05-09T20:36:30.000000000,tortuga,0.1093989310163754
2021-05-09T20:36:30.000000000,Orient.local,1.4639639640518878
2021-05-09T20:36:40.000000000,tortuga,0.13128692444746246
2021-05-09T20:36:40.000000000,Orient.local,2.185860604583206
2021-05-09T20:36:50.000000000,tortuga,0.034385745545624874
2021-05-09T20:36:50.000000000,Orient.local,1.193899237321145
2021-05-09T20:37:00.000000000,tortuga,0.07814209358304407
2021-05-09T20:37:00.000000000,Orient.local,1.4477245547210909
2021-05-09T20:37:10.000000000,tortuga,0.08125000000006821
2021-05-09T20:37:10.000000000,Orient.local,1.3108846918445929
2021-05-09T20:37:20.000000000,tortuga,0.05939913089666963
2021-05-09T20:37:20.000000000,Orient.local,1.1745595400851165
2021-05-09T20:37:30.000000000,tortuga,0.1563037294066924
2021-05-09T20:37:30.000000000,Orient.local,1.2058731646177727
2021-05-09T20:37:40.000000000,tortuga,0.043763676149132194
2021-05-09T20:37:40.000000000,Orient.local,1.5234497955613029
2021-05-09T20:37:50.000000000,tortuga,0.0999875015624931
2021-05-09T20:37:50.000000000,Orient.local,1.0872961319107137
2021-05-09T20:38:00.000000000,tortuga,0.053134962805480725
2021-05-09T20:38:00.000000000,Orient.local,1.449999999962747
2021-05-09T20:38:10.000000000,tortuga,0.08126523723194513
2021-05-09T20:38:10.000000000,Orient.local,1.2939926236070565
2021-05-09T20:38:20.000000000,tortuga,0.07502109968418302
2021-05-09T20:38:20.000000000,Orient.local,1.2374226610881747
2021-05-09T20:38:30.000000000,tortuga,0.12500390637223693
2021-05-09T20:38:30.000000000,Orient.local,1.3890611435071716
2021-05-09T20:38:40.000000000,tortuga,0.08435654700540043
2021-05-09T20:38:40.000000000,Orient.local,1.338671337506796
2021-05-09T20:38:50.000000000,tortuga,0.06565372350388239
2021-05-09T20:38:50.000000000,Orient.local,1.2624210987094322
2021-05-09T20:39:00.000000000,tortuga,0.043765044233691916
2021-05-09T20:39:00.000000000,Orient.local,1.3936628960106316
2021-05-09T20:39:10.000000000,tortuga,0.0531465908025177
2021-05-09T20:39:10.000000000,Orient.local,1.3395383938217658
2021-05-09T20:39:20.000000000,tortuga,0.028138189776535982
2021-05-09T20:39:20.000000000,Orient.local,1.0633639831755355
2021-05-09T20:39:30.000000000,tortuga,0.10005628165881739
2021-05-09T20:39:30.000000000,Orient.local,1.371478217670704
2021-05-09T20:39:40.000000000,tortuga,0.06251367486609412
2021-05-09T20:39:40.000000000,Orient.local,1.4209481260748331
2021-05-09T20:39:50.000000000,tortuga,0.03751524056671724
2021-05-09T20:39:50.000000000,Orient.local,1.1621368323255732
2021-05-09T20:40:00.000000000,tortuga,0.07499062617186983
2021-05-09T20:40:00.000000000,Orient.local,1.4092446449019156
2021-05-09T20:40:10.000000000,tortuga,0.1281330083127951
2021-05-09T20:40:10.000000000,Orient.local,1.2292524646862086
2021-05-09T20:40:20.000000000,tortuga,0.15316807852194475
2021-05-09T20:40:20.000000000,Orient.local,1.2061746140616025
2021-05-09T20:40:30.000000000,tortuga,0.05627286084979152
2021-05-09T20:40:30.000000000,Orient.local,1.1748531434086722
2021-05-09T20:40:40.000000000,tortuga,0.08439082327939325
2021-05-09T20:40:40.000000000,Orient.local,1.2189023627912192
2021-05-09T20:40:50.000000000,tortuga,0.04688672168031731
2021-05-09T20:40:50.000000000,Orient.local,1.1865482233183071
2021-05-09T20:41:00.000000000,tortuga,0.08751914481264547
2021-05-09T20:41:00.000000000,Orient.local,1.3309172707654158
2021-05-09T20:41:10.000000000,tortuga,0.08750546909190064
2021-05-09T20:41:10.000000000,Orient.local,1.1464497041904147
2021-05-09T20:41:20.000000000,tortuga,0.1312294953914442
2021-05-09T20:41:20.000000000,Orient.local,4.007001312723603
2021-05-09T20:41:30.000000000,tortuga,0.08442248764936057
2021-05-09T20:41:30.000000000,Orient.local,7.10986267146421
2021-05-09T20:41:40.000000000,tortuga,0.06564756635072899
2021-05-09T20:41:40.000000000,Orient.local,7.3857868016941906
2021-05-09T20:41:50.000000000,tortuga,0.22503516174425536
2021-05-09T20:41:50.000000000,Orient.local,4.506729225950307
2021-05-09T20:42:00.000000000,tortuga,0.0687650423528741
2021-05-09T20:42:00.000000000,Orient.local,1.4530714061864813
2021-05-09T20:42:10.000000000,tortuga,0.09066183136923493
2021-05-09T20:42:10.000000000,Orient.local,1.1814715260014186
2021-05-09T20:42:20.000000000,tortuga,0.07815430786547685
2021-05-09T20:42:20.000000000,Orient.local,1.1279608972514759
2021-05-09T20:42:30.000000000,tortuga,0.07503282686160513
2021-05-09T20:42:30.000000000,Orient.local,1.1260121457793992
2021-05-09T20:42:40.000000000,tortuga,0.06565372350388239
2021-05-09T20:42:40.000000000,Orient.local,1.2609716899630492
2021-05-09T20:42:50.000000000,tortuga,0.05312998093562412
2021-05-09T20:42:50.000000000,Orient.local,1.6563920543556725
2021-05-09T20:43:00.000000000,tortuga,0.04064786442413734
2021-05-09T20:43:00.000000000,Orient.local,1.2747609822434562
2021-05-09T20:43:10.000000000,Orient.local,1.25727153314758
2021-05-09T20:43:10.000000000,tortuga,0.12812499999995453
2021-05-09T20:43:20.000000000,tortuga,0.06876934137702563
2021-05-09T20:43:20.000000000,Orient.local,1.331000437483725
2021-05-09T20:43:30.000000000,tortuga,0.10008131606914533
2021-05-09T20:43:30.000000000,Orient.local,1.174706323301188
2021-05-09T20:43:40.000000000,Orient.local,1.2628157039893868
2021-05-09T20:43:40.000000000,tortuga,0.04376367614869099
2021-05-09T20:43:50.000000000,Orient.local,1.4171055931465932
2021-05-09T20:43:50.000000000,tortuga,0.06251172094782503
2021-05-09T20:44:00.000000000,Orient.local,4.240903387749378
2021-05-09T20:44:00.000000000,tortuga,0.06877149109068115
2021-05-09T20:44:10.000000000,Orient.local,3.3481444396539626
2021-05-09T20:44:10.000000000,tortuga,0.05313662363649271
2021-05-09T20:44:20.000000000,Orient.local,2.2501406336729546
2021-05-09T20:44:20.000000000,tortuga,0.07499999999993179
2021-05-09T20:44:30.000000000,Orient.local,1.7740021238180872
2021-05-09T20:44:30.000000000,tortuga,0.09689922480663349
2021-05-09T20:44:40.000000000,Orient.local,2.555291765721155
2021-05-09T20:44:40.000000000,tortuga,0.040640240089797754
2021-05-09T20:44:50.000000000,Orient.local,1.8573317383281782
2021-05-09T20:44:50.000000000,tortuga,0.03751524056671724
2021-05-09T20:45:00.000000000,Orient.local,2.7986348121889555
2021-05-09T20:45:00.000000000,tortuga,0.05937685552628445
2021-05-09T20:45:10.000000000,Orient.local,2.05496564657073
2021-05-09T20:45:10.000000000,tortuga,0.15318723231357412
2021-05-09T20:45:20.000000000,Orient.local,1.6884497529160267
2021-05-09T20:45:20.000000000,tortuga,0.13128692444746246
2021-05-09T20:45:30.000000000,Orient.local,1.687921980535198
2021-05-09T20:45:30.000000000,tortuga,0.1500985021418767
2021-05-09T20:45:40.000000000,Orient.local,1.9245188702501403
2021-05-09T20:45:40.000000000,tortuga,0.06562910181869014
2021-05-09T20:45:50.000000000,Orient.local,1.338085412306348
2021-05-09T20:45:50.000000000,tortuga,0.07502579011514413
2021-05-09T20:46:00.000000000,Orient.local,1.6759427176973776
2021-05-09T20:46:00.000000000,tortuga,0.056264066016771995
2021-05-09T20:46:10.000000000,Orient.local,1.4532871973078618
2021-05-09T20:46:10.000000000,tortuga,0.11876113385671416
2021-05-09T20:46:20.000000000,Orient.local,1.5248093988299842
2021-05-09T20:46:20.000000000,tortuga,0.046886721680180814
2021-05-09T20:46:30.000000000,Orient.local,2.017130089314682
2021-05-09T20:46:30.000000000,tortuga,0.12505080188810969
2021-05-09T20:46:40.000000000,Orient.local,3.3004125516540417
2021-05-09T20:46:40.000000000,tortuga,0.06251758307061882
2021-05-09T20:46:50.000000000,Orient.local,3.060778312218275
2021-05-09T20:46:50.000000000,tortuga,0.04688965301639935
2021-05-09T20:47:00.000000000,Orient.local,4.389145929596258
2021-05-09T20:47:00.000000000,tortuga,0.0969416473823372
2021-05-09T20:47:10.000000000,Orient.local,4.3260815205108365
2021-05-09T20:47:10.000000000,tortuga,0.06250585992446431
2021-05-09T20:47:20.000000000,Orient.local,4.425276579775103
2021-05-09T20:47:20.000000000,tortuga,0.1219016659893668
2021-05-09T20:47:30.000000000,Orient.local,4.091137965691256
2021-05-09T20:47:30.000000000,tortuga,0.046892584719308905
2021-05-09T20:47:40.000000000,Orient.local,5.081567598075403
2021-05-09T20:47:40.000000000,tortuga,0.08126269729647348
2021-05-09T20:47:50.000000000,Orient.local,2.3626476654657487
2021-05-09T20:47:50.000000000,tortuga,0.04688965301639935
2021-05-09T20:48:00.000000000,Orient.local,3.847824737696411
2021-05-09T20:48:00.000000000,tortuga,0.07189746795908553
2021-05-09T20:48:10.000000000,Orient.local,2.7167124657544344
2021-05-09T20:48:10.000000000,tortuga,0.05939170391646243
2021-05-09T20:48:20.000000000,Orient.local,4.410936620237402
2021-05-09T20:48:20.000000000,tortuga,0.08751093886757327
2021-05-09T20:48:30.000000000,Orient.local,3.130076221376163
2021-05-09T20:48:30.000000000,tortuga,0.11564306922941332
2021-05-09T20:48:40.000000000,Orient.local,2.595372107533172
2021-05-09T20:48:40.000000000,tortuga,0.07189971552715137
2021-05-09T20:48:50.000000000,Orient.local,1.7551530293752189
2021-05-09T20:48:50.000000000,tortuga,0.05939170391628953
2021-05-09T20:49:00.000000000,Orient.local,1.3846057020235263
2021-05-09T20:49:00.000000000,tortuga,0.03126172314630447
2021-05-09T20:49:10.000000000,Orient.local,4.500843908237225
2021-05-09T20:49:10.000000000,tortuga,0.15316807852194475
2021-05-09T20:49:20.000000000,Orient.local,3.154299906965856
2021-05-09T20:49:20.000000000,tortuga,0.03438682046985452
2021-05-09T20:49:30.000000000,Orient.local,1.6305366400595183
2021-05-09T20:49:30.000000000,tortuga,0.15942482025621268
2021-05-09T20:49:40.000000000,Orient.local,1.8903355032912255
2021-05-09T20:49:40.000000000,tortuga,0.05938613490037693
2021-05-09T20:49:50.000000000,Orient.local,1.3672118868041523
2021-05-09T20:49:50.000000000,tortuga,0.08126015751976765
2021-05-09T20:50:00.000000000,Orient.local,1.631351959394701
2021-05-09T20:50:00.000000000,tortuga,0.07813232490529615
2021-05-09T20:50:10.000000000,Orient.local,1.8481518481698564
2021-05-09T20:50:10.000000000,tortuga,0.10626660415662394
2021-05-09T20:50:20.000000000,Orient.local,2.4835783545511485
2021-05-09T20:50:20.000000000,tortuga,0.11256331686581408
2021-05-09T20:50:30.000000000,Orient.local,1.7627203401193767
2021-05-09T20:50:30.000000000,tortuga,0.07816408204105693
2021-05-09T20:50:40.000000000,Orient.local,1.7178910544119974
2021-05-09T20:50:40.000000000,tortuga,0.09687499999984084
2021-05-09T20:50:50.000000000,Orient.local,2.180704823800415
2021-05-09T20:50:50.000000000,tortuga,0.07815430786547685
2021-05-09T20:51:00.000000000,Orient.local,1.831478934863638
2021-05-09T20:51:00.000000000,tortuga,0.10311211098609199
2021-05-09T20:51:10.000000000,Orient.local,1.2946400650806653
2021-05-09T20:51:10.000000000,tortuga,0.08437236336384024
2021-05-09T20:51:20.000000000,Orient.local,4.47583921983468
2021-05-09T20:51:20.000000000,tortuga,0.10007192669707113
2021-05-09T20:51:30.000000000,Orient.local,7.540922154120581
2021-05-09T20:51:30.000000000,tortuga,0.08439346106982405
2021-05-09T20:51:40.000000000,Orient.local,5.92611114614837
2021-05-09T20:51:40.000000000,tortuga,0.07501875468862142
2021-05-09T20:51:50.000000000,Orient.local,1.5498062741001732
2021-05-09T20:51:50.000000000,tortuga,0.1062533204165435
2021-05-09T20:52:00.000000000,Orient.local,1.7748890695086845
2021-05-09T20:52:00.000000000,tortuga,0.04688525614957625
2021-05-09T20:52:10.000000000,Orient.local,1.243516840635201
2021-05-09T20:52:10.000000000,tortuga,0.10000312509806694
2021-05-09T20:52:20.000000000,Orient.local,1.6178785017570565
2021-05-09T20:52:20.000000000,tortuga,0.07500468779303236
2021-05-09T20:52:30.000000000,Orient.local,1.4838269074893726
2021-05-09T20:52:30.000000000,tortuga,0.12195884670682966
2021-05-09T20:52:40.000000000,Orient.local,1.5748031495856771
2021-05-09T20:52:40.000000000,tortuga,0.06563525550855318
2021-05-09T20:52:50.000000000,Orient.local,1.7869415808532962
2021-05-09T20:52:50.000000000,tortuga,0.0468925847196045
2021-05-09T20:53:00.000000000,Orient.local,2.044516693802283
2021-05-09T20:53:00.000000000,tortuga,0.06876719179776082
2021-05-09T20:53:10.000000000,Orient.local,1.7935258091614372
2021-05-09T20:53:10.000000000,tortuga,0.05001875703385969
2021-05-09T20:53:20.000000000,Orient.local,2.037882102915301
2021-05-09T20:53:20.000000000,tortuga,0.07813720893885122
2021-05-09T20:53:30.000000000,Orient.local,1.5481434864605514
2021-05-09T20:53:30.000000000,tortuga,0.07819341924167261
2021-05-09T20:53:40.000000000,Orient.local,1.963113473005239
2021-05-09T20:53:40.000000000,tortuga,0.0250125062531883
2021-05-09T20:53:50.000000000,Orient.local,2.0280327462021326
2021-05-09T20:53:50.000000000,tortuga,0.09376172021510598
2021-05-09T20:54:00.000000000,Orient.local,2.0207707707139044
2021-05-09T20:54:00.000000000,tortuga,0.0562728608493867
2021-05-09T20:54:10.000000000,Orient.local,3.5038411093320567
2021-05-09T20:54:10.000000000,tortuga,0.0687671917983294
2021-05-09T20:54:20.000000000,Orient.local,3.1961471103432064
2021-05-09T20:54:20.000000000,tortuga,0.07813232490529615
2021-05-09T20:54:30.000000000,Orient.local,6.161344747732404
2021-05-09T20:54:30.000000000,tortuga,0.13443381479392244
2021-05-09T20:54:40.000000000,Orient.local,4.780951190700229
2021-05-09T20:54:40.000000000,tortuga,0.09687197275076004
2021-05-09T20:54:50.000000000,Orient.local,4.633301856972347
2021-05-09T20:54:50.000000000,tortuga,0.0843776368014731
2021-05-09T20:55:00.000000000,Orient.local,4.753335401935987
2021-05-09T20:55:00.000000000,tortuga,0.05001875703371406
2021-05-09T20:55:10.000000000,Orient.local,3.781959117246246
2021-05-09T20:55:10.000000000,tortuga,0.20632092281738917
2021-05-09T20:55:20.000000000,Orient.local,1.6803048286069453
2021-05-09T20:55:20.000000000,tortuga,0.06877149109088135
2021-05-09T20:55:30.000000000,Orient.local,1.9944979367210662
2021-05-09T20:55:30.000000000,tortuga,0.13756878439241943
2021-05-09T20:55:40.000000000,Orient.local,1.6809367916553635
2021-05-09T20:55:40.000000000,tortuga,0.06252540094358847
2021-05-09T20:55:50.000000000,tortuga,0.046891118822599144
2021-05-09T20:55:50.000000000,Orient.local,4.83064616934316
2021-05-09T20:56:00.000000000,tortuga,0.09692346173075135
2021-05-09T20:56:00.000000000,Orient.local,4.338650611193155
2021-05-09T20:56:10.000000000,tortuga,0.059397273977748695
2021-05-09T20:56:10.000000000,Orient.local,6.106005288101216
2021-05-09T20:56:20.000000000,tortuga,0.08125000000030468
2021-05-09T20:56:20.000000000,Orient.local,3.7802607073327166
2021-05-09T20:56:30.000000000,tortuga,0.14382640777882616
2021-05-09T20:56:30.000000000,Orient.local,3.6604410022593457
2021-05-09T20:56:40.000000000,tortuga,0.07188623222360667
2021-05-09T20:56:40.000000000,Orient.local,3.51337834449082
2021-05-09T20:56:50.000000000,tortuga,0.05000937675817819
2021-05-09T20:56:50.000000000,Orient.local,1.8379807390134595
2021-05-09T20:57:00.000000000,tortuga,0.04377736085094386
2021-05-09T20:57:00.000000000,Orient.local,1.743608835787724
2021-05-09T20:57:10.000000000,tortuga,0.06875644591645595
2021-05-09T20:57:10.000000000,Orient.local,2.1599496223123484
2021-05-09T20:57:20.000000000,tortuga,0.05314991402228256
2021-05-09T20:57:20.000000000,Orient.local,1.768197438234534
2021-05-09T20:57:30.000000000,tortuga,0.10937158213824826
2021-05-09T20:57:30.000000000,Orient.local,1.6996464239039084
2021-05-09T20:57:40.000000000,tortuga,0.07190196323589289
2021-05-09T20:57:40.000000000,Orient.local,1.6757331333537373
2021-05-09T20:57:50.000000000,tortuga,0.04376641240448507
2021-05-09T20:57:50.000000000,Orient.local,1.5890961623099882
2021-05-09T20:58:00.000000000,tortuga,0.046888187303111915
2021-05-09T20:58:00.000000000,Orient.local,1.8600311041932733
2021-05-09T20:58:10.000000000,tortuga,0.12190928698708126
2021-05-09T20:58:10.000000000,Orient.local,1.7061433660502259
2021-05-09T20:58:20.000000000,tortuga,0.04688818730240682
2021-05-09T20:58:20.000000000,Orient.local,1.881132429165928
2021-05-09T20:58:30.000000000,tortuga,0.11882798086309172
2021-05-09T20:58:30.000000000,Orient.local,1.874414245583169
2021-05-09T20:58:40.000000000,tortuga,0.06249999999947704
2021-05-09T20:58:40.000000000,Orient.local,1.81909107953858
2021-05-09T20:58:50.000000000,tortuga,0.046888187302679823
2021-05-09T20:58:50.000000000,Orient.local,1.8256846317175328
2021-05-09T20:59:00.000000000,tortuga,0.12505471143657723
2021-05-09T20:59:00.000000000,Orient.local,1.6682286785902838
2021-05-09T20:59:10.000000000,tortuga,0.13434141464582977
2021-05-09T20:59:10.000000000,Orient.local,1.4630486431698575
2021-05-09T20:59:20.000000000,tortuga,0.0750070319092344
2021-05-09T20:59:20.000000000,Orient.local,1.5249046935161235
2021-05-09T20:59:30.000000000,tortuga,0.11249296918943731
2021-05-09T20:59:30.000000000,Orient.local,2.964501510639543
2021-05-09T20:59:40.000000000,tortuga,0.08124492219254467
2021-05-09T20:59:40.000000000,Orient.local,2.918932433328382
2021-05-09T20:59:50.000000000,tortuga,0.03750703256880873
2021-05-09T20:59:50.000000000,Orient.local,4.563926226889997
